id_transaksi,toko_cabang,kategori_produk
dwF3DJHO,mampang,Pipa
guanvMR5,mampang,Pipa
oQklnWWp,mampang,Pipa
5cgBygpI,citayem,Semen
mCij4hBq,mampang,Semen
fXhNOnOn,mampang,Semen
DiCTkvZH,mampang,Semen
FSkgvV2E,citayem,Semen
Lq24M4KQ,citayem,Semen
Yg006qwa,citayem,Semen
r4LcBZA7,mampang,Semen
SDDXGw21,citayem,Semen
oqoT4DLS,citayem,Semen
eSociDPG,citayem,Semen
mpzYDfIK,citayem,Semen
IRYkgI8N,citayem,Semen
tLnhk43J,citayem,Semen
0lDqWVlz,citayem,Semen
nBfSissu,citayem,Pipa
ezdEKpqG,citayem,Pipa
vAOIY0jj,mampang,Semen
dh2xQb3X,mampang,Pipa
TKwuIzb6,mampang,Pipa
s752sCLr,mampang,Pipa
7rbdtPwO,citayem,Pipa
TRpFAEWd,citayem,Semen
Z1CTghfR,citayem,Pipa
xwl41jna,citayem,Semen
vfnLULoh,citayem,Semen
ut6LIGPI,mampang,Pipa
cqrATt9o,citayem,Semen
vQ1psjxd,mampang,Semen
k1qV5HHz,citayem,Semen
BoDJGVyk,citayem,Semen
3eLsB99C,mampang,Semen
M6zMVwqK,mampang,Semen
0dm3RaQv,citayem,Semen
BxxAvvER,mampang,Semen
xMezmOBz,citayem,Semen
WqMvA7iE,mampang,Semen
NgZ8xxFe,mampang,Semen
OmwDxZpJ,mampang,Semen
JewxmuG9,mampang,Semen
0gTDO6Av,mampang,Semen
h0YsGMhj,mampang,Pipa
O037dETy,mampang,Semen
mJ9VpdxV,citayem,Pipa
pnU8dLUx,mampang,Semen
xRY7h8aS,mampang,Semen
xrZnbIGD,mampang,Semen
hVSNfLer,mampang,Pipa
rth667hB,citayem,Pipa
hxMTrlzW,citayem,Pipa
Uc64bIGE,mampang,Semen
1TpYTEKR,citayem,Semen
AUzK1bj8,citayem,Pipa
kTRSenmv,citayem,Pipa
PEIWrbTQ,citayem,Semen
8hlHAFPF,mampang,Pipa
BwBDbyKq,citayem,Pipa
W4eyc9dH,mampang,Pipa
T3gAyyeH,citayem,Semen
ZXM2sX4y,citayem,Semen
EQDn1BA7,mampang,Semen
JHH8PcNq,citayem,Pipa
8Ie5Oesp,citayem,Pipa
GRAng26s,mampang,Semen
TaaLCuw6,mampang,Pipa
R2JFua6L,mampang,Pipa
LcPvndOa,mampang,Pipa
m793jf7F,citayem,Semen
EL3LK94E,citayem,Pipa
XGG3VNC9,citayem,Pipa
q6FmC8Id,mampang,Semen
2CvZyh4h,citayem,Pipa
Psin3ost,citayem,Pipa
IC0EFtA5,mampang,Pipa
L8gPU593,citayem,Pipa
pLR3kRgy,citayem,Semen
e4UoYNOg,mampang,Semen
C7ZN9Vt6,mampang,Semen
RQKVDRu3,citayem,Semen
eTcONlGD,mampang,Pipa
68pMrUFp,mampang,Semen
rbcpm9pr,citayem,Semen
kATFCmb6,mampang,Semen
JHs2yQVf,citayem,Semen
xNeUwMhV,citayem,Semen
e4kFuJQ9,citayem,Pipa
AFBQ040C,mampang,Pipa
SQz0aocr,citayem,Pipa
ukTTpK9V,citayem,Pipa
zijw7opz,mampang,Semen
dMKJGAdC,citayem,Pipa
o2qYkjN6,citayem,Pipa
lHNSzBps,mampang,Semen
yyxv1Rvw,mampang,Semen
FfPQwkyj,citayem,Semen
73yrL8pJ,citayem,Pipa
c97bIIYV,mampang,Semen
YcFsnSyR,citayem,Semen
3zUeArOl,citayem,Semen
TovD1oTY,mampang,Semen
u0FzSAO8,mampang,Semen
mquRdEhM,mampang,Semen
AAiM3La2,mampang,Semen
DrNPTV0R,mampang,Semen
x3qqYZK7,citayem,Semen
TTXLxBqr,mampang,Semen
DuBCgvJa,mampang,Semen
zbVWQB0i,mampang,Semen
VG0al8lF,mampang,Semen
PccY4zs2,mampang,Semen
1mi2HfIm,mampang,Semen
yqlKfOAp,mampang,Semen
PSjD1Xhv,mampang,Semen
eswCrJcC,mampang,Semen
Twie5enB,mampang,Semen
QgodfZ9N,mampang,Semen
OLLL4UW9,mampang,Semen
ZydVhIrf,citayem,Semen
4RggB4Pd,citayem,Semen
Jdcqh0ZM,mampang,Semen
ZP5ZQVcC,mampang,Pipa
mcIe47kW,mampang,Pipa
AKDSQGBI,citayem,Semen
3PMOVHCd,mampang,Semen
Y0ubgfvj,citayem,Semen
4hOpQkq4,citayem,Semen
BXpDfkWi,mampang,Semen
BqpWJ53F,mampang,Semen
vM7Emdp3,citayem,Semen
8z5O0GXW,citayem,Semen
HFJ7z4tg,mampang,Semen
6bL2hd0X,citayem,Semen
UiMj8nXK,mampang,Semen
pM3fIP4b,mampang,Semen
Yekg9T0E,mampang,Semen
trc6nw8p,mampang,Semen
WB4cuSmD,citayem,Pipa
JDSNvohS,citayem,Semen
AusrgQtE,citayem,Pipa
c9WUjuhv,citayem,Semen
xegjALEz,citayem,Pipa
wmytcciw,mampang,Semen
P8PM7tjz,citayem,Semen
4lFC7APk,mampang,Semen
3rut0m4E,mampang,Semen
9uLhcP9g,mampang,Semen
23WLlukF,mampang,Semen
uMoXrR1H,citayem,Semen
zlQThGVX,citayem,Semen
XryQwipq,citayem,Semen
AhfLQxfz,citayem,Semen
xo07RRgm,mampang,Pipa
trLo4I84,citayem,Semen
wqOb8n7u,mampang,Semen
leDTU8io,mampang,Pipa
gGcUX2oU,mampang,Semen
jI6vrt7Y,citayem,Semen
TPZImYDg,citayem,Semen
2LA4I7yX,citayem,Semen
706gBrbu,mampang,Semen
SF1j338f,mampang,Semen
iwrqxj3v,citayem,Semen
bS25Hae9,citayem,Semen
3LlDTciR,mampang,Semen
XIU742Tt,mampang,Semen
5eE4dLmE,mampang,Semen
tieuBsvB,citayem,Semen
RDWDc6gB,mampang,Semen
6Ew7d4T6,mampang,Semen
CZydGTTM,mampang,Semen
R5eh7vmy,citayem,Semen
ZOMAHujN,citayem,Semen
fpy4l7uG,citayem,Pipa
rygDeebM,mampang,Semen
fUXsv25b,mampang,Pipa
JTF5lktc,mampang,Semen
M3C2yjzI,mampang,Semen
KCRA9rHk,mampang,Semen
WuGtllvl,citayem,Semen
A0xmkXW2,citayem,Pipa
b1MLIFpL,citayem,Semen
FeCXlUdI,mampang,Semen
ahCi7B8k,mampang,Semen
lLMchIam,mampang,Semen
khJOZetm,citayem,Semen
8CCBHpef,citayem,Semen
WwbMGpf4,citayem,Semen
YXqa1YZX,mampang,Semen
EW9x3t3G,mampang,Semen
1Q1n5nKA,mampang,Semen
mHJI2pPG,mampang,Semen
8JTLzHwA,citayem,Semen
rw7RU3xt,citayem,Semen
arxFjJVN,mampang,Semen
w5NL4hoN,mampang,Semen
L0LynXk7,mampang,Semen
UeXIQ4YD,citayem,Semen
TUsE6rh2,mampang,Semen
yCbfCj3H,mampang,Semen
RaxjeYPG,citayem,Semen
xlgOy7n8,mampang,Semen
hRpghvXz,mampang,Semen
K6LIk4Se,citayem,Semen
IrBSkx6x,citayem,Semen
fmA8xiTS,citayem,Semen
O81o2L6O,citayem,Semen
fsRCfZs8,mampang,Semen
dD90S0Xp,mampang,Pipa
dbGUXGos,mampang,Pipa
OWd1G3jm,citayem,Pipa
MiwgmdxP,mampang,Semen
M2NfrvAD,citayem,Semen
VdPZD8QR,mampang,Pipa
3zXvLVJO,mampang,Pipa
ORpuDA0o,citayem,Pipa
ZgPCh2eW,citayem,Pipa
cn5Zim8J,citayem,Semen
LoZRZsqa,citayem,Pipa
akDnf3iE,citayem,Pipa
3KE2vYO8,citayem,Pipa
OCserBbF,citayem,Semen
liHxflhE,mampang,Semen
JSAGyxrR,mampang,Semen
5X8JpWWw,citayem,Pipa
b0q9Hdjm,mampang,Pipa
2hifeMPo,citayem,Pipa
WlA1qaVm,mampang,Semen
5AlnpzG5,mampang,Pipa
MN2rMSWq,citayem,Pipa
bh4RLGN7,citayem,Pipa
gVzZMAgF,citayem,Pipa
yHUUC2i5,mampang,Semen
qzUtYBv3,mampang,Semen
RkqwMuf6,citayem,Semen
n8kaYFjz,citayem,Semen
q0VHfsib,citayem,Semen
gY65a8UE,citayem,Semen
yMIwipGQ,citayem,Semen
ItXQr3sr,citayem,Semen
owJJh1sQ,citayem,Semen
nqwsLw3F,mampang,Semen
jtqmEMiE,citayem,Semen
Xv1zIbzW,citayem,Semen
v9P3mAvx,mampang,Semen
mIKZCu7Y,citayem,Semen
m5C1V3h7,mampang,Semen
7TtGO7DA,mampang,Semen
5fnwzmqt,mampang,Pipa
7WQXh1MK,mampang,Semen
wWKa0PcW,mampang,Pipa
LHhLL6vY,citayem,Pipa
jeaXUJ1g,mampang,Pipa
SAG5M52q,mampang,Semen
gFKsyCYk,mampang,Semen
z5sScE2d,citayem,Semen
Lh1ZeVsn,citayem,Semen
QTswmZv9,citayem,Pipa
SCBFMr9d,mampang,Pipa
Q9djSJ7y,mampang,Pipa
PfHiJEHq,mampang,Semen
UNV5xhwu,citayem,Pipa
Tpz9J0LG,citayem,Semen
b1EqRvlk,citayem,Semen
B2Q9LZ8r,citayem,Semen
8P8UkGKg,citayem,Semen
QqSWsoqj,mampang,Semen
EIhw7Ekw,mampang,Semen
ukyWvLOS,citayem,Semen
MeJ86Rct,citayem,Pipa
K3JuCS9b,mampang,Pipa
AelmoJUj,mampang,Pipa
IJ50Mc4n,citayem,Pipa
GoVvqPqd,mampang,Semen
AmM5xc4C,mampang,Semen
MWlrqKoX,mampang,Semen
uRK8k2G7,mampang,Semen
cguKe0JQ,citayem,Semen
Rz7Dgmb3,citayem,Semen
MklwRBae,mampang,Semen
uNfygRgx,citayem,Semen
rRhP1XDg,citayem,Semen
IfwmhlVo,citayem,Pipa
qAjnQuMs,mampang,Semen
6M0gH6Hy,mampang,Pipa
mQmeRjep,mampang,Pipa
zZK6BQrf,citayem,Pipa
jPu5u90q,citayem,Semen
rJF6eWZC,mampang,Semen
asbo6bfa,citayem,Semen
L768PLLv,citayem,Semen
r6fCkxwG,citayem,Semen
uc7VTT6S,citayem,Semen
By6ay40V,mampang,Semen
ezV1vSsK,citayem,Pipa
tm3ohLGT,mampang,Pipa
1gCJOp33,mampang,Semen
h7fyq9Tw,citayem,Semen
Im2GL23i,mampang,Semen
Kxyc5yvw,mampang,Semen
cMtXfpHs,citayem,Semen
h37U85CH,mampang,Pipa
XUKVLrLb,mampang,Semen
nnanAIUX,mampang,Pipa
X6AOrl95,mampang,Semen
Ejr8Xy15,mampang,Semen
5ru5Qj7y,citayem,Pipa
pu2kiqUK,mampang,Pipa
Mmfy6483,citayem,Pipa
35of39ca,citayem,Semen
2tn4UTF3,mampang,Semen
EICkaxdP,mampang,Pipa
yIvHnLJX,citayem,Semen
wvilPCSq,citayem,Semen
firY0Cbt,citayem,Semen
XegwJtMB,mampang,Semen
9Cp7k4AT,citayem,Pipa
msI3sVO3,mampang,Pipa
e9W8PKwe,mampang,Pipa
ehjLUiD3,mampang,Pipa
JVuxHh51,mampang,Semen
gbNqe5aL,citayem,Pipa
6BFg091i,citayem,Semen
s95f8dAY,mampang,Semen
AcF2QAS4,mampang,Semen
RezC16d6,mampang,Semen
mcO0n9q6,citayem,Semen
x861mJ9D,mampang,Semen
sYYRzbEG,mampang,Semen
ef8Iy9Is,mampang,Semen
sCNxiRMR,mampang,Semen
3FBmhBFy,citayem,Semen
nmphOJte,mampang,Semen
vjFj0jYX,mampang,Semen
1heLxxHy,citayem,Semen
R9ksJTCJ,citayem,Semen
oTYJu1Mv,mampang,Semen
cdw6aGPQ,citayem,Semen
wvKmOGY3,mampang,Semen
QM7G4UXp,mampang,Semen
QKuH0G5E,citayem,Semen
gvV6kkIw,citayem,Semen
GwaQPmmm,mampang,Semen
LYRwB0rx,citayem,Pipa
3ExCFQGW,mampang,Semen
cuIUyWYL,mampang,Semen
Kk4naeFI,citayem,Semen
akxVQ1pj,citayem,Pipa
FC1RzqO0,mampang,Semen
d1YBFVRp,mampang,Pipa
0fg2R7L5,mampang,Pipa
FFYyj8Er,mampang,Pipa
ut61FwwT,citayem,Pipa
KAnW0Zjf,mampang,Semen
rsgQk480,citayem,Semen
wNCZx1CT,mampang,Semen
P52dSnkE,mampang,Semen
01SY3OrQ,mampang,Semen
glJoDC2y,mampang,Pipa
lM6NQlk8,citayem,Pipa
ypgpDIf0,mampang,Semen
Ktcr0Vwb,mampang,Semen
bnwpWJpH,mampang,Semen
KvvLSSSf,citayem,Pipa
O1IY5iRx,mampang,Pipa
YnvQSCVl,mampang,Pipa
ETncDNmI,mampang,Pipa
vf6HlMqL,mampang,Semen
AKrckciP,mampang,Semen
Vp5Vsg75,mampang,Pipa
75zU6s1D,mampang,Pipa
UZYRRGay,mampang,Semen
cDXdgKyl,mampang,Semen
oFMcSk2K,citayem,Pipa
28YiE76s,citayem,Semen
qEylSQ4E,citayem,Pipa
J5hsTofe,mampang,Pipa
PMhkXmoa,mampang,Semen
arzbKwo8,mampang,Semen
ireqWWrF,mampang,Semen
5FL2ZjQc,citayem,Semen
QActlOHc,citayem,Semen
XTmroAbz,mampang,Semen
JcVIgFj1,mampang,Semen
1ktc7IaC,mampang,Semen
MVFHuMKf,mampang,Semen
7EMmJstV,mampang,Semen
R9HE5IB3,citayem,Pipa
EjwyYXuk,citayem,Semen
8obrNAfO,mampang,Semen
Z7eY0Y0J,citayem,Semen
RCJzQHlU,citayem,Pipa
QiDC95ct,citayem,Semen
3NZeinHd,mampang,Semen
ALuHHxM0,citayem,Semen
VdqkrziX,citayem,Semen
Ht8upQAD,citayem,Semen
LcwYNoM6,mampang,Pipa
CODNrIL9,mampang,Semen
WLIRz0Fp,citayem,Semen
oortmAnz,mampang,Pipa
IXaGMTT8,mampang,Semen
1nKfU3Lw,citayem,Pipa
9SeYeDWZ,citayem,Semen
56YcD9Z1,citayem,Semen
3uFwr7Gw,mampang,Semen
Dh19BxTM,mampang,Semen
YTRX3FBT,mampang,Semen
zaKdIdv9,mampang,Semen
8FrEczjJ,mampang,Semen
BUXdJa1P,mampang,Semen
fiGqiCQw,citayem,Semen
m0Y2LkwA,citayem,Semen
rAIBB1pd,citayem,Semen
Ca2U9MgL,citayem,Semen
oZycl4sw,mampang,Semen
CtTh8DSP,citayem,Semen
C6NbZ5K1,citayem,Semen
AcHVMHGh,citayem,Semen
TDgwoZ2x,citayem,Semen
Erpfp0rf,citayem,Semen
BRX6kDtm,citayem,Semen
UrPIaPpH,citayem,Semen
RHDE5t0v,mampang,Semen
3CWQtGeU,mampang,Semen
tWAtgekz,mampang,Semen
VqutluG0,citayem,Semen
WpjytFaa,citayem,Semen
Zzhixkcs,citayem,Semen
E3VQorHc,mampang,Semen
u2hBYY5l,citayem,Pipa
RINURTgk,citayem,Semen
Ig33mYDE,mampang,Semen
evSOTb0U,citayem,Pipa
hEgwmvm4,mampang,Semen
wpmX4J3v,mampang,Pipa
FQP8vTmf,citayem,Semen
0iY93CeS,citayem,Pipa
dor0mNGy,mampang,Pipa
JLuFHWJA,mampang,Semen
QMZ7QL2i,mampang,Semen
m0oLOaK4,citayem,Pipa
ScIT6CAQ,mampang,Pipa
tz28kvfl,citayem,Semen
460bfeoq,citayem,Semen
wvpNZ8tu,citayem,Semen
jujEYfza,mampang,Semen
Hp50pzP7,citayem,Semen
J6QB5DDp,citayem,Semen
zSZyG6uk,citayem,Semen
ABI4GphJ,mampang,Semen
yT58j7VZ,mampang,Semen
gQsLcxGT,citayem,Semen
09Le8iN0,citayem,Semen
spJok9YP,mampang,Semen
kdRyENGh,mampang,Semen
c0KKPba6,mampang,Semen
H70W2LAX,mampang,Semen
FwUrUzEw,mampang,Semen
gYoRXWqm,mampang,Semen
eMxQsha9,citayem,Pipa
W14rZV5f,citayem,Semen
0RAHP9GX,citayem,Semen
6lk5KHGF,citayem,Semen
lTrv6r2Y,citayem,Pipa
8PALg8eB,citayem,Semen
g13yNnug,citayem,Pipa
ASiBiBwt,mampang,Semen
DN1LoK0h,mampang,Pipa
ncGECWJM,mampang,Semen
Ccn7SY1e,mampang,Pipa
dtHo3Ayt,mampang,Semen
7wTohsei,mampang,Semen
6248Xg3q,mampang,Pipa
dOfqANqT,mampang,Pipa
sX2uUEoO,mampang,Semen
dHg68HsX,mampang,Pipa
MYVHLEGs,mampang,Pipa
KTZC6GJY,citayem,Pipa
UaRTDtFk,mampang,Pipa
SaK7OLXf,citayem,Pipa
fyLCSoho,citayem,Pipa
NVMd8c7r,mampang,Pipa
PLYrSuWR,mampang,Pipa
PrKd49NV,mampang,Pipa
5M0S1qPK,citayem,Pipa
NOfIK1LX,mampang,Semen
xIJMIEcv,mampang,Semen
n8tmGnnn,mampang,Semen
Iz6xucJK,mampang,Semen
sSoJ4Gc2,mampang,Semen
qTZb9Anq,citayem,Semen
2bYi7mnn,citayem,Pipa
52KCgBfd,mampang,Pipa
W79DZS8T,mampang,Semen
hrHawYHH,mampang,Semen
2Be0sIG6,citayem,Pipa
qEEHYg3f,citayem,Semen
UTy9UQjf,mampang,Semen
LegmpoVP,mampang,Semen
4ap40Csw,citayem,Semen
cn6dxWB5,mampang,Pipa
dkbcLJzc,mampang,Semen
rl1OhAf6,mampang,Pipa
F83NKRda,citayem,Pipa
oEBQhZTO,citayem,Semen
F0ndOQZO,citayem,Pipa
wo2AHjP1,mampang,Pipa
R5gzrHai,mampang,Pipa
j5c2RXnd,mampang,Semen
4aL70Wgg,citayem,Semen
EqtKF11R,mampang,Semen
RifoRB7V,citayem,Semen
kXZYsDWT,citayem,Pipa
2h3QX1YP,mampang,Semen
830fxCdz,citayem,Pipa
69mJWtRN,citayem,Semen
VCVaBla1,mampang,Pipa
vzNmDgil,citayem,Semen
VxEAYkLN,citayem,Semen
0by1nU4f,mampang,Semen
RJz2t3yg,mampang,Pipa
aswj7U7L,mampang,Semen
gOI6FVn5,citayem,Pipa
Bc9pIkNz,citayem,Semen
juk5jelL,mampang,Semen
6QEHG2Xy,citayem,Semen
TDTNGz99,citayem,Semen
KX3NWXWe,citayem,Semen
PPOQGBGj,mampang,Pipa
M1uYgZWA,citayem,Semen
54IrDY0S,citayem,Semen
sdK4CaLX,mampang,Semen
UdRV80J7,mampang,Semen
npTFKCnW,citayem,Pipa
6Db2lfZc,mampang,Pipa
GbXCoNmo,citayem,Semen
80he8UUG,mampang,Pipa
hQLKJ68q,citayem,Semen
e4TsEuRY,citayem,Semen
Lwbb2x5M,mampang,Semen
fss0w4x2,citayem,Semen
C78HIxXU,citayem,Semen
clGFiHWZ,citayem,Semen
0G0p7rSw,mampang,Semen
YWdmgr9E,citayem,Semen
dc7ZLgpn,citayem,Semen
7Dv3MLzs,mampang,Semen
UjuuSIXm,mampang,Semen
jm7Lz8HQ,citayem,Semen
kBVbx8I1,citayem,Semen
nYtyCSYk,citayem,Semen
lh4ywbgB,citayem,Semen
qHfrAvZi,mampang,Semen
EQAV7xQy,citayem,Pipa
10MoRk58,citayem,Semen
s5REwnKz,mampang,Semen
bbLekYaz,citayem,Semen
F6VWt6fK,citayem,Pipa
re22x6bE,mampang,Pipa
N7FmIWyd,citayem,Pipa
WRTW99qO,citayem,Pipa
oOrUbe5W,citayem,Pipa
90AzAwgR,citayem,Semen
5FlEM3pS,citayem,Pipa
HLZ6Q5aS,mampang,Pipa
5PvEQ9Sy,mampang,Pipa
arq1ppsY,mampang,Pipa
6uuOABI0,citayem,Pipa
Boh1VmhD,citayem,Semen
tO1vRAuf,mampang,Semen
c9FtlI88,mampang,Semen
2sbOlJlS,mampang,Semen
2OTuvYhU,mampang,Semen
vrxpPM8d,mampang,Semen
eWevjNQQ,mampang,Pipa
AXJm2Z6L,citayem,Pipa
hmi2KLq5,citayem,Semen
1R6OniJM,citayem,Semen
gzp0O4oQ,mampang,Pipa
RYZCCjsJ,mampang,Semen
iZSiMjQt,mampang,Pipa
NrwYGUr6,mampang,Pipa
UWBzJLz7,citayem,Semen
eSXUIRBW,mampang,Semen
Eo0Vsnnn,citayem,Semen
q5sOl72s,citayem,Semen
vdHgIwh6,mampang,Semen
HT5qFt31,citayem,Semen
tc7uJ7wy,citayem,Semen
WQLn8OYD,citayem,Semen
HvgVmeCS,citayem,Semen
qqbXj0zH,citayem,Semen
uSPut5yZ,citayem,Pipa
yD9GU53S,mampang,Pipa
qWuqEzBj,mampang,Semen
eTrClrW9,citayem,Semen
RfBaLwlr,citayem,Semen
jIkYW7nv,mampang,Pipa
3G1C8IEN,citayem,Semen
cklM9vsS,citayem,Semen
663gBw0G,mampang,Pipa
PGeCWgTi,citayem,Pipa
Y8hlvYrx,citayem,Semen
vPTBPfXV,mampang,Pipa
cIKROV2q,mampang,Semen
RPB3NMuq,mampang,Pipa
iaFLa7m1,citayem,Pipa
UCyQZaWw,mampang,Pipa
e9FR6HTd,mampang,Pipa
BjmFCC3C,mampang,Pipa
ooVLKWzi,mampang,Semen
vXdDbYcc,citayem,Semen
xOwN9MkO,citayem,Semen
xYbotSax,citayem,Pipa
wHXoMxoJ,mampang,Pipa
kKaIvvoW,citayem,Pipa
MeLYe317,citayem,Pipa
bYrYYmOG,mampang,Pipa
rLUWoK67,mampang,Semen
NNcoeUsL,citayem,Semen
ysS8wnFb,citayem,Pipa
6O6svdvS,citayem,Semen
eKlS0WBp,mampang,Pipa
vzXcAx2g,mampang,Pipa
QOt4u6SW,citayem,Semen
HV6L0Xol,mampang,Pipa
xm0P8dGh,mampang,Pipa
LnKruuqZ,citayem,Semen
kHUU2Lfm,citayem,Pipa
fXXRphIf,citayem,Pipa
LDjTbQTP,citayem,Pipa
oJoAU7Fr,citayem,Semen
yl6cXbA6,citayem,Semen
o6jtdb4p,citayem,Semen
BDRAVk0u,citayem,Semen
X4HCivR7,mampang,Semen
lcucYQ8n,citayem,Semen
T1U86wpb,citayem,Semen
NZxX4AGO,citayem,Semen
ZRtNe06d,citayem,Semen
0FEDk7AN,mampang,Semen
cY7ZXnCn,citayem,Semen
yMsGdfoa,mampang,Semen
U7jOpZfN,mampang,Semen
GoBFn8W0,citayem,Semen
oDVV31Yp,mampang,Semen
kp0IguCX,citayem,Semen
btvoSQWD,citayem,Semen
C5NlVFQN,mampang,Pipa
JOnxnmo6,citayem,Semen
FAt77ZWJ,mampang,Semen
cpuDAJRW,citayem,Semen
eFHWb0Bl,mampang,Semen
foyMj5Qz,mampang,Semen
6t1HAivu,citayem,Semen
D9UPmygt,citayem,Semen
C9NNh3gs,citayem,Semen
qRIdGAA1,mampang,Semen
gxJ9QBmR,citayem,Semen
Lzd1wWUu,mampang,Semen
1f0BDvug,citayem,Semen
55HFSsdJ,citayem,Semen
2ZzlexnZ,citayem,Pipa
Al60YkNu,citayem,Pipa
Ym6IJMUJ,citayem,Semen
0h2vomc1,citayem,Semen
U7Ldz7h7,mampang,Semen
aTgWa9wh,mampang,Semen
rdIz93YP,mampang,Semen
P1jhxZXy,citayem,Semen
jsDUEHVo,mampang,Semen
IsrvOLZO,mampang,Semen
ojSosVNy,mampang,Semen
2pteKPYV,citayem,Semen
VoPvZFYx,citayem,Semen
RwxQ7oxk,mampang,Semen
5u9RnM78,citayem,Semen
AKqNMl1e,mampang,Semen
7DalqMTu,citayem,Semen
optCMdlD,citayem,Semen
BtiNa3v8,citayem,Semen
If0NE6A6,mampang,Semen
YCEKNJhX,mampang,Semen
pP1snJR1,mampang,Semen
boAihvyd,citayem,Semen
Ajfuq7uC,citayem,Pipa
V76qHSgf,mampang,Pipa
V8SwS4J6,citayem,Semen
P2VQpJwX,citayem,Semen
uHKdeMFq,mampang,Pipa
s9FQgwqr,mampang,Semen
DX88RC92,mampang,Semen
VKqQFLrp,citayem,Semen
I3QI3tcT,citayem,Semen
mbakKdOR,mampang,Semen
JfI1YYYk,citayem,Semen
P0He9I4m,citayem,Semen
7NvdRC8V,mampang,Semen
JElusY2p,mampang,Semen
yi2xPE7T,citayem,Semen
jijeCk1l,citayem,Semen
9r5zfTGS,citayem,Semen
FNPIbnwf,mampang,Semen
YT53T6Rz,citayem,Semen
JeKSeily,citayem,Semen
8TKmtNf2,citayem,Semen
V8eDU7iq,citayem,Semen
V9xscecv,citayem,Semen
AHXojpIK,citayem,Semen
R3nrXrqZ,citayem,Pipa
vUrcxhu3,citayem,Pipa
bDcOkAPl,citayem,Semen
Mn1LbgKu,citayem,Semen
U8iQ7CIG,mampang,Semen
9nhiwIrc,mampang,Semen
6ogtGrQt,citayem,Semen
TYJHQxJo,citayem,Semen
kTSNXSyN,mampang,Semen
6lNhqUra,mampang,Semen
WB7GBnxy,citayem,Semen
BPrTBmfm,mampang,Semen
EqKRhO8u,mampang,Semen
oJxtaZV1,citayem,Pipa
bqAChXeW,citayem,Pipa
nJLGbyL8,citayem,Pipa
tUP12rDG,mampang,Semen
atvrScaB,citayem,Pipa
xCrd3EaK,citayem,Pipa
w6yQObUB,mampang,Pipa
l81vn5EI,mampang,Pipa
IFp8nfQZ,citayem,Semen
UPcUB2Tt,citayem,Semen
BNF3lL3A,citayem,Semen
WdLfHotx,mampang,Semen
PxpPRBS0,mampang,Pipa
3mKOHzw7,mampang,Semen
bqnOjpTT,mampang,Semen
nDdY19oK,mampang,Semen
dD8NMFWq,mampang,Semen
RSWn3dym,citayem,Semen
Iuo32IUI,citayem,Semen
6Is0IXFg,mampang,Pipa
gzKxnMzD,citayem,Pipa
1nwBCZ0R,citayem,Semen
nLJUV1jL,citayem,Semen
Z2MOp4iS,mampang,Semen
JOhiCu2b,mampang,Semen
ThP7773E,citayem,Semen
CYeIrdEp,citayem,Semen
DRTzilcV,citayem,Semen
IdP6M5Di,citayem,Semen
5HirxflU,mampang,Semen
P3SwoQ4j,mampang,Semen
GAE1WjW7,citayem,Semen
nxDsrrWl,citayem,Semen
isHrh3sR,citayem,Semen
cd1DWtOo,citayem,Semen
6Qy2vYGH,citayem,Semen
BdIezB0A,mampang,Semen
wP21dJIn,mampang,Pipa
dUvHyHgs,citayem,Semen
IqB4wiEU,citayem,Semen
P14JYgF9,mampang,Semen
XsbEuihN,citayem,Semen
XyipO93f,citayem,Semen
BYhwzXGh,mampang,Semen
yajeysYN,citayem,Pipa
QrnjLjKH,mampang,Semen
NmVwEdw4,citayem,Semen
hTsBJWOA,mampang,Semen
P4Z4fzA0,citayem,Pipa
sIFGXZdZ,mampang,Pipa
hkG6G65F,mampang,Semen
TMQYF9q7,mampang,Pipa
E3vUrIpP,citayem,Semen
mIF3Zc9B,citayem,Pipa
96vGoqIJ,mampang,Pipa
tLSOm1m2,mampang,Pipa
hxKBvkBd,mampang,Semen
OVF5qbNT,citayem,Pipa
IyJH0dwA,mampang,Semen
pNu4BXfj,mampang,Semen
Sf6NjBEs,mampang,Pipa
krF9Dz1b,citayem,Semen
pKnZiFpW,mampang,Semen
Grubcd0I,citayem,Pipa
rBEQ3gqc,citayem,Semen
YNUaWz9u,citayem,Semen
3YGKZ2Wq,citayem,Semen
MzwM3FTF,mampang,Semen
NeBG92UZ,citayem,Semen
uxB4EezK,citayem,Pipa
xp2ZOhBQ,citayem,Semen
qNSNQJ8c,mampang,Semen
8qYTysFk,mampang,Pipa
NezbKvl7,mampang,Semen
83vhI5GR,mampang,Semen
WX24MyQf,citayem,Pipa
JAl8hjBY,mampang,Semen
9Jgd3ECw,citayem,Pipa
gPohywvO,citayem,Semen
Gidrnr39,citayem,Pipa
kPkQGuG3,citayem,Semen
P1pJekpv,citayem,Pipa
YeANMECT,mampang,Pipa
iL5gfkLi,citayem,Semen
roan7WHy,mampang,Pipa
37cIabzi,mampang,Semen
2SOMFlxB,citayem,Pipa
uRFTxnq6,citayem,Semen
i13EWVDl,mampang,Semen
3cfWPf0y,mampang,Pipa
SyWbDLpe,citayem,Pipa
xEWJADlu,citayem,Pipa
iBZP1i4L,citayem,Semen
8B5PTymc,mampang,Semen
CU7oKMxy,citayem,Semen
x4V0UDiq,mampang,Semen
vz7PfFMk,mampang,Semen
umOIRlaz,citayem,Semen
NEsUUVDC,citayem,Semen
8Y419qkq,citayem,Semen
5w56AoAC,mampang,Pipa
3o7bL4Ow,mampang,Pipa
AnnJL7OC,mampang,Semen
v3EwpOQ4,mampang,Semen
RR4illOH,mampang,Semen
VbRvVzSK,mampang,Semen
lSP6rS5w,mampang,Semen
Flb1Wmlg,mampang,Semen
kDHFGoZl,mampang,Semen
q3PAvbfl,mampang,Pipa
MN0aGea2,mampang,Semen
o30dacOu,mampang,Pipa
ou1Cu7iZ,mampang,Semen
eBUtxG3l,citayem,Semen
GJOBSzAq,mampang,Semen
XKsO9nd2,citayem,Semen
azl6GsCO,mampang,Pipa
jMbk5ms5,citayem,Pipa
IFwDXC4P,mampang,Semen
QyWDAXVu,mampang,Pipa
NUPyMWzM,citayem,Semen
8yAezpe6,citayem,Pipa
EOGl7Wix,citayem,Pipa
2jRV6FDo,mampang,Semen
0xhmhrm1,mampang,Semen
RntH26Lq,mampang,Semen
JKydvN6M,mampang,Pipa
pab2URKk,mampang,Semen
mrA1EZtP,citayem,Semen
KvjMia8C,mampang,Semen
EYNfmPHw,mampang,Semen
Df6dyJkg,mampang,Semen
tybVUEke,citayem,Semen
lVbiTfW5,mampang,Semen
WBacmrdA,mampang,Semen
r8K0Sf99,mampang,Semen
pQ0pfmvG,citayem,Semen
bITmsSYL,mampang,Pipa
XTrjnTnd,citayem,Pipa
t2YM1cP5,mampang,Pipa
44eVfkP8,mampang,Semen
ZO1lrcV0,mampang,Semen
db72YopS,citayem,Semen
moyRGfB6,mampang,Pipa
dd9DxmPn,citayem,Pipa
eDLkv1kg,mampang,Semen
4LqUgKgI,citayem,Pipa
WcE4sqS3,mampang,Semen
OuBmMus8,mampang,Pipa
Ve5hxdyU,mampang,Semen
VcgZvShk,citayem,Semen
dD8NXmIE,mampang,Semen
0b8o7PwC,mampang,Semen
efIaVrq0,mampang,Semen
OdtXITK9,citayem,Semen
sUuxfKLo,mampang,Semen
btRX748K,citayem,Semen
zOYCgAo7,citayem,Semen
aepqPU8w,mampang,Semen
WAqKs7tf,mampang,Pipa
LpKPKN7j,mampang,Semen
3ltDbykZ,citayem,Semen
88jYP2R7,mampang,Semen
AyhpVNgU,mampang,Pipa
J3JtREZj,citayem,Semen
wrUGowWQ,citayem,Semen
8Lpz6aTe,citayem,Semen
sWREKfud,mampang,Semen
Rz20eEWW,citayem,Semen
q4HgxAMD,citayem,Semen
FDHd0yRf,citayem,Semen
ngD6Pt2d,citayem,Semen
NSklHTPJ,mampang,Pipa
n2xDm4uq,mampang,Semen
z8ilhy4G,citayem,Semen
Wk7jfbfU,citayem,Semen
kuw0jpH8,mampang,Semen
KO0lkNjc,mampang,Pipa
Ph5ZNbzU,mampang,Semen
jkBxWFiY,citayem,Semen
28gf4cw0,citayem,Pipa
xrmR0nj4,citayem,Semen
HRPi7TrQ,mampang,Semen
NUsbYwp6,citayem,Semen
IGtPhdkR,citayem,Semen
Tt8Kb3nS,mampang,Semen
nNk9MHI5,citayem,Semen
19ArzwYS,citayem,Semen
ZtYZePhU,citayem,Semen
SIKRcEMD,citayem,Semen
a9glB1SK,mampang,Semen
0zhnlKaU,mampang,Semen
fY46oypq,mampang,Semen
k3ZdA5JN,mampang,Semen
GHDD6TVr,citayem,Semen
duGWb6s7,citayem,Semen
PpdQylxJ,citayem,Semen
P9Tg3bIy,citayem,Semen
dmrGSE5L,mampang,Semen
MBbbCChu,mampang,Semen
JbFacjLX,citayem,Semen
MDLDX0v7,citayem,Semen
D9NxM2ns,mampang,Semen
dStdaoBv,citayem,Semen
TP0I16GS,citayem,Pipa
IxZtWKs1,mampang,Semen
rE7XkSTs,mampang,Semen
xmmUUeKk,mampang,Semen
0cFxy38E,mampang,Pipa
KrwPLve9,citayem,Semen
hVEMak9d,mampang,Pipa
AWRJkslu,citayem,Semen
MGZE48Oe,citayem,Pipa
YCPtfgvx,citayem,Pipa
hUQW6fh6,mampang,Pipa
bmyC1oNK,mampang,Pipa
MlnIaVj7,mampang,Semen
8l3eqHgJ,mampang,Pipa
k5E27pxY,citayem,Semen
MlO9BkYK,mampang,Semen
R4ll8FCR,citayem,Semen
Ewoknaml,citayem,Semen
I1PIQJOO,citayem,Semen
py9Fv239,mampang,Semen
tK79MIQY,citayem,Semen
BdfcFJrw,citayem,Semen
hQGUKEFb,citayem,Semen
5ErkpB7G,citayem,Semen
koUCYT4L,citayem,Semen
VGPQKtbL,citayem,Semen
CDglUpUj,mampang,Semen
EDTgBNXJ,mampang,Semen
kx2pPDyO,mampang,Semen
kj9H0Xnm,mampang,Semen
vOP4q9A5,citayem,Pipa
YEMv4R7M,citayem,Pipa
P4PlH6cy,citayem,Semen
oXMxzVTZ,mampang,Semen
tqwK4Jn7,citayem,Semen
7loQGtf5,citayem,Semen
lhNEFQvt,citayem,Pipa
OpH9FEaz,citayem,Semen
D2CXDuyE,mampang,Semen
Bw6vpy6q,citayem,Semen
n2KWaP92,mampang,Semen
rgAkQ6Tk,mampang,Semen
fCucsIsq,citayem,Semen
Ms2ytMQn,mampang,Semen
TaFfSpSi,citayem,Semen
j9SgenMn,citayem,Semen
Nc0NTpxq,mampang,Semen
7css420H,mampang,Pipa
cOhBFfXt,citayem,Semen
hvBlnh5Y,mampang,Semen
OPzeKLo0,mampang,Semen
7N4lhSVW,citayem,Pipa
ZYnHJzWV,citayem,Semen
qWEk1GXm,citayem,Semen
fMNP1Wop,citayem,Semen
IXvfcuQX,citayem,Semen
nvRREqtO,citayem,Semen
fPkGRJ7W,mampang,Pipa
5lCnIeyV,citayem,Pipa
daz4Kle6,mampang,Pipa
VHDUcQr0,citayem,Pipa
AHcc7Oy2,citayem,Pipa
ZNZALdFK,citayem,Pipa
EzyLrXdo,citayem,Semen
3VWDqgmM,citayem,Semen
tkiSbgwP,citayem,Pipa
V9s3NW2S,mampang,Pipa
XOJsYEnU,mampang,Semen
DWBpoExR,mampang,Semen
NFrQStzV,mampang,Semen
9uISXGeS,mampang,Semen
x9WDuYjw,mampang,Semen
uo2WmrNP,citayem,Semen
brHNZCet,mampang,Semen
N25ppiIR,citayem,Pipa
D44CKaUd,citayem,Semen
BcehrrJr,citayem,Semen
YCRbhsw4,mampang,Pipa
6FDJ2Kmi,mampang,Pipa
3NyrG7Qp,mampang,Semen
CRtUgeNG,mampang,Semen
6Eu2GURG,citayem,Semen
UzK55lrM,mampang,Semen
7NaRbrlA,mampang,Semen
bvEPtMim,mampang,Pipa
Y74Zg2A2,citayem,Pipa
ouADHkUk,citayem,Semen
eoPFccWd,citayem,Semen
Wt2JZmTJ,citayem,Semen
ShrGLi79,mampang,Semen
WeRnOFes,mampang,Pipa
nRUTyx0m,mampang,Semen
urWwvItl,citayem,Pipa
zd5p6Biq,citayem,Semen
SZB16KyN,citayem,Semen
3zPdO0ee,citayem,Pipa
qHLYFK5b,citayem,Semen
19TT4sOw,mampang,Semen
NrrjmNJ2,mampang,Semen
KkSRbUPQ,mampang,Semen
nG0H6mnr,mampang,Semen
10n7m2Yb,citayem,Semen
XJEo8eAc,citayem,Semen
ZytLJjpW,citayem,Semen
YZ8SFytU,citayem,Semen
CoDTXvDw,mampang,Semen
m1wwFUv2,citayem,Semen
QdOw7qaR,citayem,Semen
FuOzm69e,mampang,Semen
Dz7254on,citayem,Semen
hIGBtGza,mampang,Semen
b61ShR4F,citayem,Semen
WEUdGqDa,citayem,Pipa
x1Tienfp,mampang,Semen
XuQ6l7eu,citayem,Pipa
KdNS5igI,citayem,Semen
akJMiDuY,mampang,Pipa
Me9VtBdH,mampang,Semen
rDf7QFqe,mampang,Pipa
jmGRxiSC,mampang,Semen
JSbaPsqC,citayem,Semen
qnhXn8XO,citayem,Semen
9n9yEyUZ,citayem,Pipa
JFoFVEub,citayem,Semen
ZQG7q460,citayem,Pipa
8EYPAUoe,citayem,Pipa
3mRl37kj,mampang,Pipa
fr3tsO2l,mampang,Semen
1zfyE6gu,citayem,Pipa
8Tx0TwVS,mampang,Semen
5ZCYSVAc,mampang,Semen
eYEfVMR5,citayem,Pipa
b1Z5y5jh,mampang,Pipa
FRfqmQ3Y,mampang,Semen
HPRNUBT0,mampang,Pipa
j7mQOC0W,citayem,Semen
ZlObZAev,citayem,Semen
ITvWiWWm,citayem,Semen
81bZw6Ew,mampang,Semen
uIwH01CP,mampang,Semen
ih4m0Wa9,citayem,Semen
2Bk0huLQ,mampang,Semen
BoUWdwT1,citayem,Semen
RY2ZX22x,citayem,Semen
r36xEZFr,citayem,Semen
YvLqvP6p,citayem,Semen
L3nqlnqU,citayem,Semen
wzArDq8e,mampang,Semen
wI91f3Tm,citayem,Semen
vbRiHsbm,citayem,Pipa
jyDLOgYe,citayem,Semen
2U8wFa9A,mampang,Semen
AgP567Cl,mampang,Pipa
tVYeiMrD,citayem,Pipa
qV8JZBEt,mampang,Pipa
o7AQGiYV,citayem,Pipa
267g7xQn,citayem,Pipa
D3Lptfos,mampang,Pipa
gh5TuHkm,citayem,Pipa
wcvQaNBu,mampang,Semen
tRdHQh42,citayem,Semen
N0o4EuDt,citayem,Pipa
kAcddm3D,mampang,Pipa
KNuRozZo,citayem,Semen
IgptBeRL,citayem,Pipa
0xEGHw2W,citayem,Pipa
pnrylvlN,citayem,Pipa
ulWr7nLf,mampang,Semen
7BpSGg8i,mampang,Semen
ItZAAFxb,citayem,Semen
Fzs1Q62H,mampang,Semen
XxkHBPg8,mampang,Semen
XupT1E8y,citayem,Semen
IJWoYURf,citayem,Semen
pDoxtPqR,citayem,Semen
yNLwbz9R,mampang,Pipa
oQ4Kc4Co,mampang,Pipa
cH4Rzc3B,citayem,Pipa
NZFJa3EF,mampang,Semen
MMYhHm45,mampang,Semen
OCjlTny0,citayem,Pipa
Tn9khEJn,mampang,Pipa
b1UDIG2N,citayem,Semen
s6CJMAch,citayem,Semen
sGXpIwDH,mampang,Semen
ARSNlMxy,citayem,Semen
Bqkjtocd,citayem,Semen
U6fnMweG,citayem,Semen
iJAKDHGQ,mampang,Semen
IPYQa7Aw,citayem,Semen
yE2A8BYs,citayem,Semen
hAMrgoqF,mampang,Semen
J3KyUAeg,mampang,Pipa
nQ6LUDaP,citayem,Semen
pDS1w75s,mampang,Semen
HaQDWyiM,citayem,Semen
euZVf5HZ,citayem,Semen
H4DqND3S,citayem,Semen
2FzXNILw,citayem,Semen
fTkMvWEa,citayem,Semen
Uvt6L6sx,mampang,Semen
90RqhNHq,citayem,Semen
zlwpfzva,mampang,Semen
MdcA1QbQ,mampang,Semen
i1nPDbGV,mampang,Semen
Alqu8eEV,mampang,Semen
B6Zbgbjp,mampang,Semen
rEAV0ida,citayem,Pipa
iyIxOMVW,mampang,Semen
Ly2rRnWN,mampang,Semen
Tj6OIJg9,mampang,Semen
T1OiLavz,mampang,Semen
D2URpTip,citayem,Semen
XEbHmTCg,citayem,Semen
Q3BVQwXP,mampang,Semen
1IY0vFMg,citayem,Semen
ApWyGpzN,mampang,Semen
ytAjBJzG,citayem,Semen
FiZVAfeG,citayem,Semen
Up2N7T1l,mampang,Semen
XmSBtXhm,mampang,Semen
3MiSNK1O,mampang,Semen
sCo4Y0jx,mampang,Semen
fou8Dq2i,citayem,Semen
jP4YJia6,mampang,Semen
lG6UOkTO,citayem,Pipa
359OUqv3,citayem,Pipa
Szof6HSM,mampang,Pipa
8qKkGCR2,citayem,Pipa
KrKydNmw,citayem,Pipa
hI0R8pwR,mampang,Semen
qXROL8hK,mampang,Pipa
XLhunk0V,mampang,Semen
Yv8Zc6wr,mampang,Pipa
5a8oBptA,mampang,Pipa
Pbkk0Zec,mampang,Pipa
Kj98h66C,mampang,Pipa
mRsKQDIl,mampang,Pipa
RwlMWsnL,citayem,Semen
m7Oy7Nup,citayem,Semen
lHhZ7FQK,mampang,Semen
rRbNz6Tc,citayem,Semen
8l5KaPe3,mampang,Semen
drDWozdV,mampang,Semen
8a0Ejh5P,mampang,Semen
gV47vq2R,mampang,Semen
Y9MrIrrA,mampang,Semen
dyxX5zpo,citayem,Semen
DgPu3K3T,mampang,Pipa
jSogmGAa,mampang,Semen
CKXM9kiB,mampang,Semen
dahRixi6,mampang,Pipa
a8vpLeyk,mampang,Pipa
2mxTX4tY,mampang,Semen
LsurWS49,citayem,Semen
HeImrcTw,citayem,Semen
8MVdfzU6,mampang,Semen
hV6rTsnf,citayem,Semen
tOFtHZPS,mampang,Semen
z9eRUkz9,mampang,Semen
ghaEHZRC,citayem,Semen
0YTUHE9G,mampang,Semen
eewROfef,citayem,Semen
xK2Vbpu9,mampang,Semen
tUB8amwt,mampang,Semen
eZLP56BJ,citayem,Semen
n7oQiYoc,mampang,Semen
WuZe3gvJ,mampang,Semen
7hT0a1Bv,citayem,Semen
PyJmm5lV,mampang,Semen
kQENhkWw,citayem,Semen
1SnfIpMn,citayem,Semen
mamuxglo,mampang,Semen
2JLvTLrM,mampang,Semen
Jhwx6Lqj,mampang,Semen
nIwzJDuQ,citayem,Semen
CltKaVwC,mampang,Semen
rzX9CklY,citayem,Semen
p82jS8in,mampang,Semen
WexXM9Uf,citayem,Semen
bEseRKCR,citayem,Semen
AgPinXlB,citayem,Semen
FNHP214C,mampang,Semen
pNLdJNKv,mampang,Semen
Knf3emIV,mampang,Semen
0VnfuC8z,mampang,Semen
OwDxgl3H,citayem,Semen
qcLDBTC4,mampang,Semen
rGEfv1Ll,citayem,Semen
lTxaAQ2p,citayem,Semen
wtr94wMS,mampang,Semen
lvinHTlc,mampang,Semen
kTodmP79,mampang,Semen
mCLwBASx,citayem,Semen
YcLSKpR0,mampang,Semen
oZ5dp4AQ,citayem,Semen
A3uFetJ6,mampang,Semen
dMWfSzMe,citayem,Semen
aWwcCPac,mampang,Semen
35svmsjW,mampang,Semen
OKrcdp0c,mampang,Pipa
PWPD1UDe,citayem,Pipa
4shcKmhA,mampang,Pipa
yJzC5zFL,mampang,Pipa
JkYN9sxq,mampang,Pipa
lc0dqtOa,citayem,Semen
H8uqM1eY,mampang,Pipa
NbcolcxB,mampang,Semen
taBSKhts,citayem,Semen
2ovQRyGR,citayem,Semen
TtgHvdCQ,citayem,Semen
cbXiaZaO,mampang,Semen
PkvrSIO3,citayem,Semen
UlclyHhJ,mampang,Semen
kilzHoHh,mampang,Semen
Ea2ze1rk,citayem,Semen
ZM59xIhk,citayem,Semen
vSvZtuDt,mampang,Semen
274nvP13,citayem,Semen
S7ndrwb1,citayem,Semen
1dJ5WPia,mampang,Semen
1Xxuctgq,citayem,Semen
bIPimi57,mampang,Semen
PTOaoJqW,citayem,Semen
Ro7p49dX,mampang,Semen
ajJfXUpZ,mampang,Semen
NBb4zvXf,citayem,Semen
uLoMUYm2,mampang,Semen
smzTCkGH,mampang,Semen
yXrbhGP5,citayem,Semen
bGwWMbOf,mampang,Semen
UpruLh18,citayem,Pipa
ojBHLVkk,mampang,Semen
xnt8xTov,citayem,Semen
Uqxw0Uk6,mampang,Semen
K5JwvK81,mampang,Semen
HudP3kUe,mampang,Semen
g2lfiCik,mampang,Semen
2us9DubP,mampang,Semen
mW7ScZB3,citayem,Semen
Da2aFULv,citayem,Semen
R9WwsSI5,citayem,Semen
DQgajKuw,citayem,Semen
gVRykGe9,citayem,Semen
4pgZ3Bgw,citayem,Semen
sfgMttTm,citayem,Semen
r1cTD1b2,mampang,Semen
LRzkrt9G,mampang,Semen
bZwWiFpD,citayem,Semen
wsktt83W,mampang,Semen
b5N7z77e,mampang,Pipa
f1jjj2Et,citayem,Semen
Y37Qw9QN,citayem,Semen
myQRlURY,citayem,Semen
LU9gpaJJ,citayem,Semen
Qe5BZiYG,citayem,Semen
bTU3UicY,citayem,Pipa
xNb5PvIa,citayem,Pipa
XXGazY8T,citayem,Semen
y9wlcm2Y,mampang,Semen
XYCSfAlm,mampang,Semen
9bXcqGpJ,citayem,Semen
NeQhQuLZ,mampang,Semen
jIaBCQzI,citayem,Semen
pXP0LS3d,mampang,Semen
SNZ8nkVx,citayem,Pipa
ck17oAvm,mampang,Pipa
iLeXhrWB,mampang,Semen
fqoBNzRv,citayem,Semen
symUfbR6,citayem,Pipa
78aKM80j,citayem,Pipa
73Z0JvFd,mampang,Pipa
Jb2HUm8K,citayem,Pipa
jci3Qa8o,mampang,Pipa
T6N0DMh9,mampang,Pipa
yq7tFqRI,mampang,Pipa
jJcnlnda,citayem,Semen
xGKt7dNX,mampang,Pipa
f94QiGRl,citayem,Pipa
MocI97S6,citayem,Semen
wU2Wds8R,mampang,Pipa
G9w87KIu,citayem,Semen
Z4NLTNqE,citayem,Pipa
HEKFLJyd,mampang,Semen
6AHYEOhF,mampang,Semen
F7SR3L2c,citayem,Semen
h5R6SpUG,citayem,Semen
cTI3uVtT,mampang,Pipa
wJXNUNzJ,mampang,Semen
enUFhR57,citayem,Semen
ckclZAqW,mampang,Semen
Qu3MVllt,citayem,Pipa
KENXx1H4,citayem,Semen
Tat8TxY9,citayem,Semen
3K0d4sf1,citayem,Semen
gUwtUAM8,mampang,Semen
dUT9FWm3,mampang,Semen
KvwLbNRb,mampang,Semen
hCx9wtof,mampang,Semen
MMo4pe5s,mampang,Pipa
UQ686Htv,citayem,Semen
XnkPzt9n,mampang,Semen
VHhrAttv,mampang,Pipa
efbTWQ90,mampang,Semen
rLwPUmI2,mampang,Semen
Ojz3EhSn,mampang,Semen
4yeBFjRj,citayem,Pipa
09SHCOaM,citayem,Semen
n3MARvHB,mampang,Pipa
5a2ZmVT9,citayem,Pipa
7UnOinRX,mampang,Pipa
JSYfuYiL,citayem,Semen
5YUu8Ofe,citayem,Semen
HucSwcAS,citayem,Pipa
w55z6cXo,mampang,Semen
mPn3NCN6,mampang,Semen
3xsSZU5O,citayem,Semen
4zofgCwV,mampang,Semen
dggIoZ4a,citayem,Semen
BYP0LBAZ,citayem,Semen
CwvLlyPt,mampang,Semen
eXDZbsco,citayem,Semen
U8JKn0YW,mampang,Semen
Fx1HOgKy,mampang,Semen
wa9fwn08,citayem,Semen
5Kmm7fWC,mampang,Semen
NuYfjbLq,citayem,Semen
RYAE0s4I,mampang,Semen
nr1w40q3,mampang,Semen
TKIsCh0w,mampang,Semen
2O5yNONv,mampang,Semen
egIedqVA,citayem,Pipa
7OYhjT1j,mampang,Pipa
XMtsSdnP,citayem,Semen
aydcdJIH,citayem,Pipa
XIifGbQz,citayem,Pipa
iMAld5jZ,citayem,Pipa
CNAmfJau,mampang,Pipa
EYpYXYV2,citayem,Semen
icQy2lnB,citayem,Semen
fF8elZxb,mampang,Semen
P6sTXsLQ,mampang,Semen
tGUixiIG,citayem,Semen
FdtKJX9D,mampang,Semen
WXwOPOuP,citayem,Semen
fWUQMqkF,citayem,Semen
vCYyGQqQ,mampang,Pipa
laldo4k0,citayem,Semen
OJtM98RU,citayem,Semen
26hwta6Y,citayem,Semen
330uwpWK,citayem,Semen
2Z2lBeOa,citayem,Pipa
0OYI03t4,mampang,Semen
jwv5M4VO,mampang,Pipa
GuggRNG1,citayem,Pipa
YOnKpTM1,citayem,Pipa
NAhMZ9Sf,mampang,Semen
uKNqVSYu,citayem,Semen
zoBseHQA,mampang,Semen
cJG8zvTe,citayem,Pipa
CRBecPG5,citayem,Semen
CDuxTWrV,citayem,Semen
q7H1Kmei,mampang,Semen
j8FKmBOp,mampang,Semen
JWkNah6q,mampang,Semen
M29tylp7,citayem,Semen
oSLAOq9L,citayem,Semen
j8wcbvd0,mampang,Semen
erBsVD8d,mampang,Semen
LhNKvOCj,citayem,Semen
maAJS66Q,citayem,Semen
SYl9u1Ro,mampang,Semen
PqbsOuXg,citayem,Semen
pwrft8DC,citayem,Semen
e6MsPOQz,mampang,Semen
9RM1g3br,mampang,Semen
n7DV8SKf,mampang,Semen
jyiWZNxs,citayem,Semen
H8MsGycN,citayem,Semen
rKVy6DnX,citayem,Semen
ZarnanH1,mampang,Semen
euwMMEPI,citayem,Semen
2QKPNPHo,citayem,Semen
p0lrJ1TW,mampang,Semen
nR4EyupL,citayem,Semen
AoUfWLhq,citayem,Semen
y4HO08lL,citayem,Semen
DNhhypWP,mampang,Semen
iWBWnlpJ,mampang,Pipa
wBHJChqC,citayem,Semen
X5F1wUsp,citayem,Semen
BZLbNfm4,citayem,Semen
t4Ya9dT7,citayem,Semen
BCxYgTHF,mampang,Semen
JtZ9kUoZ,mampang,Semen
GWwPGZF8,citayem,Semen
iHVUapwj,citayem,Semen
wYE5TUoj,mampang,Semen
8ON8Ys0C,citayem,Semen
l1l6yo9n,citayem,Semen
qCMjHNFS,citayem,Semen
3AjEi5Vd,citayem,Semen
sshqzAiE,citayem,Pipa
5vl7n36r,citayem,Semen
1lbY0vKG,citayem,Semen
gmDPMvzI,citayem,Semen
t6PiRScN,citayem,Semen
kbjOV76G,citayem,Semen
WudL02Lu,citayem,Semen
0y4ZTQ2R,citayem,Semen
IjnlcR66,citayem,Semen
cIKTQHcy,mampang,Semen
2vGf9BQ1,mampang,Pipa
Cr05o0f2,citayem,Pipa
c3aTeBza,citayem,Pipa
vtW2KfH4,citayem,Semen
NckdmPMt,citayem,Semen
1DrAVLi9,citayem,Semen
TRqq3sqp,citayem,Semen
jX4zmQIo,mampang,Semen
KRMrSwyO,citayem,Semen
vNss4oSR,citayem,Semen
RHaT7CBo,mampang,Pipa
nyeR28YB,citayem,Semen
pTBvi4dV,citayem,Semen
LCxEXnXb,citayem,Semen
UcvMVb7k,mampang,Semen
C3aU6UhF,mampang,Semen
bfk0vKO3,citayem,Semen
gGyaEaTV,mampang,Semen
fkwF7n9T,mampang,Semen
5WhYODHf,mampang,Semen
zMFTblTj,citayem,Semen
aIWXy0Ix,citayem,Semen
rnwCKW3f,mampang,Semen
Sc1o7fpl,citayem,Semen
AuttW335,mampang,Semen
mVQaOwE8,mampang,Semen
VAv9fI88,mampang,Semen
ENVY6yGB,mampang,Semen
DwCvxi11,mampang,Semen
vP1D6cZF,mampang,Semen
kEzadLUL,mampang,Semen
WVpipRhP,citayem,Semen
wmNLYhxS,citayem,Semen
z3JaisFJ,citayem,Semen
psks6Oqx,citayem,Pipa
05yEsA2X,mampang,Semen
oHA26DEY,mampang,Semen
gzEgrUKO,citayem,Pipa
nwbun3Jw,citayem,Pipa
RwKpsH9y,mampang,Semen
gUmnDSwx,mampang,Semen
S25mmjLL,citayem,Pipa
gxG8xX0g,citayem,Pipa
rk4f02Ey,mampang,Semen
pjke10PB,mampang,Semen
7CkoT5ea,mampang,Semen
WzPl2j8p,mampang,Pipa
G0v47gjY,mampang,Semen
gxRokvhO,mampang,Semen
qvoMv041,mampang,Semen
fZMlgLwA,mampang,Semen
oibBYYto,citayem,Semen
qOhHwH0M,citayem,Semen
EiFxOLw5,citayem,Semen
WthQtCro,mampang,Semen
YoaDvXKo,citayem,Semen
Tk5Hrua4,mampang,Semen
9sxBhj4V,citayem,Semen
UithcC2Y,mampang,Semen
kouj7vzk,citayem,Semen
D9UOt6qm,mampang,Semen
aqxXX3WP,citayem,Semen
mdwujX7l,mampang,Pipa
wEfC8XgQ,citayem,Semen
sM9kM0wE,mampang,Semen
NXyWhvji,citayem,Pipa
P9JF4Rav,citayem,Semen
qNzJsU0x,citayem,Semen
VG2uaC3K,mampang,Pipa
yCUXaARs,citayem,Semen
HRGjyK32,citayem,Pipa
guIt4MTW,mampang,Semen
5LCbCpeo,mampang,Semen
McanhBAU,citayem,Semen
nfeAc1Cz,citayem,Semen
ijnrtJ09,mampang,Semen
MPcwauiB,mampang,Semen
fatseONM,citayem,Semen
x1ob2Pt3,mampang,Semen
FcIi1dAV,citayem,Semen
Bj5ER5su,mampang,Semen
GXuBktGn,citayem,Semen
8orgjuBU,mampang,Semen
cD3RJTko,citayem,Semen
r5Z1EbZq,mampang,Semen
Hs1oCzHv,mampang,Pipa
KTlKXYu5,mampang,Semen
0yQZ76aS,mampang,Semen
t7MCFq3r,citayem,Semen
i6nE1F1S,citayem,Semen
gxSm3Zp9,citayem,Semen
H6xFMBLl,mampang,Semen
WwkpkV7P,citayem,Semen
u9Tl6RNG,mampang,Semen
wCgk3Tno,citayem,Semen
SipCSO1G,mampang,Semen
00dSgZj7,mampang,Semen
xFSBK77D,mampang,Semen
ihq8Mlwj,citayem,Semen
ajyh9QoL,mampang,Semen
HCylVwnT,mampang,Semen
hJ3orVeR,citayem,Semen
ERkxkoxF,citayem,Pipa
7ToCyaNS,mampang,Semen
5gudvgsx,mampang,Pipa
A2u4TjKf,mampang,Pipa
I2niMJ0b,citayem,Pipa
gdF94tx2,mampang,Pipa
fj8Qy0UC,citayem,Semen
Qz86tCvW,mampang,Semen
XDKSUJSm,citayem,Semen
yn0S0FiX,citayem,Semen
ekoL95Wq,citayem,Semen
fOgN81s0,mampang,Semen
QKlm0hw3,mampang,Semen
xpubmFeE,citayem,Semen
NHRcERsd,mampang,Semen
8Bw81Ynp,mampang,Semen
epiJi2wS,mampang,Semen
c02LbShM,mampang,Semen
zTlf7W2i,citayem,Semen
y2MwR7RZ,citayem,Semen
z0j86a4F,mampang,Semen
r1bHHdSp,citayem,Semen
d34ywqnx,mampang,Pipa
JoiwM97y,mampang,Pipa
fmmyENlR,mampang,Pipa
BtWQFLbW,citayem,Pipa
UxYJFGp8,mampang,Pipa
3NNJLosr,citayem,Pipa
d2cGqlcu,citayem,Pipa
KA1FGTw9,mampang,Pipa
7vD13zGz,mampang,Pipa
BYbXwnos,citayem,Semen
18qpEVjX,citayem,Pipa
BFgm9X2I,citayem,Semen
J0Puq3FZ,citayem,Pipa
Gov9OitE,citayem,Pipa
ufp9UTMe,citayem,Semen
6lvjEaav,citayem,Semen
GpSMQNVd,citayem,Semen
FkKJnQNi,citayem,Pipa
3bJ9xmTN,mampang,Semen
QuPE0D5e,mampang,Semen
06DXS9rn,mampang,Semen
zEUv4bsE,citayem,Semen
9meL3k35,mampang,Semen
y0oAxyO5,mampang,Semen
OOZgdJQi,citayem,Semen
yEp5OZ15,mampang,Semen
uGuoeGsc,mampang,Semen
Y3fRuopv,citayem,Pipa
C7lT77x8,citayem,Pipa
ictXlymz,citayem,Semen
3C4nWcmf,mampang,Semen
D859n4rf,citayem,Semen
UpFRBQUs,citayem,Semen
dByHjHwL,citayem,Semen
zcogtzLw,citayem,Semen
nTUQdw6m,mampang,Semen
Iw4qlIiR,mampang,Semen
xHR40apb,mampang,Semen
RebUNQFN,mampang,Semen
UvX0bacP,citayem,Pipa
i070jbuW,mampang,Pipa
m9cITAtR,mampang,Pipa
Su3yQC2v,mampang,Semen
Ql8BiGtd,mampang,Semen
wyq18DYh,mampang,Semen
5wbwJLj1,citayem,Pipa
V8E1hVAZ,citayem,Pipa
59ff4N6H,citayem,Semen
hywQiDO9,mampang,Semen
c2jR4LLr,mampang,Pipa
uLpKebwX,mampang,Semen
NxiFn3UA,mampang,Semen
KQUiTt7P,citayem,Pipa
a3bZLPeJ,mampang,Pipa
a72cPz2A,mampang,Semen
EtfaqCum,citayem,Pipa
sjzicfLS,mampang,Pipa
xFerEM6N,citayem,Pipa
nncLLMgN,citayem,Pipa
O2466uHy,mampang,Semen
vrxwNLbY,mampang,Semen
FC9OLF88,mampang,Semen
a81pQ6c6,mampang,Semen
QcQK8i1t,mampang,Semen
iF6bV4IC,mampang,Semen
K5cvC6ux,citayem,Semen
jhgF2KWW,mampang,Semen
XZMVIFEx,citayem,Semen
tCMICaPh,mampang,Pipa
01Y74mrM,citayem,Semen
wF9lJHa2,citayem,Semen
1jeZ5mWZ,mampang,Semen
uv4MQaA4,citayem,Semen
tCsQ91fC,mampang,Semen
o8K4d3Y5,citayem,Semen
Wutupk7w,citayem,Pipa
SbwmEjHF,citayem,Semen
z21melEt,citayem,Semen
cYEnV0aS,mampang,Pipa
YuE7GHnC,mampang,Pipa
BNLd7ffT,mampang,Pipa
rxvCHIAX,citayem,Pipa
dquh3e6w,citayem,Semen
LSs37L4T,mampang,Semen
CulaPdeY,citayem,Semen
9X9bXPfN,mampang,Semen
an552HaC,citayem,Semen
kDZIrl7f,mampang,Semen
YepjBHCT,citayem,Semen
DkVmjOH1,mampang,Semen
TNvYWA8H,citayem,Semen
JFNOvkOK,mampang,Pipa
3VMmQAAK,mampang,Semen
8OOwyEfX,citayem,Semen
PMMNsHXc,citayem,Semen
FFjiLA39,mampang,Semen
BQ02q3rV,mampang,Semen
Z29OtQb3,citayem,Pipa
pdW2FSAS,citayem,Semen
J7xqv8YP,citayem,Semen
ZIUvHTTt,mampang,Semen
H8iHvrXN,mampang,Semen
VEQeUsXC,citayem,Semen
yeTsdSvg,mampang,Semen
57X9p3lg,citayem,Pipa
qwDd53VF,mampang,Semen
HyJCuYcK,citayem,Pipa
1hhxPD9u,mampang,Pipa
sNCMlMle,mampang,Semen
QmXrNGb6,mampang,Semen
jHD0fHtB,citayem,Semen
oEUtk3uK,citayem,Pipa
pHNlEJDd,citayem,Semen
ZjrHuYNI,mampang,Semen
748YuMa6,citayem,Pipa
XbbOULba,mampang,Semen
Y7UKFcnm,mampang,Semen
Iuo32IUI,citayem,Semen
XFiAM5UV,mampang,Semen
UXUkBXj1,mampang,Semen
AGcDiWLV,mampang,Pipa
yUo3L1dS,citayem,Semen
cWsEywJQ,mampang,Semen
QdFFLwBS,mampang,Pipa
Y4smagKm,citayem,Semen
Lhso0TKA,citayem,Semen
YHdbw2oT,citayem,Semen
NmJ79CvK,mampang,Semen
orKxScLk,mampang,Semen
54T3X2uj,citayem,Semen
TMhkCy7Z,mampang,Semen
IeAl48MW,citayem,Semen
XAPGM2sc,citayem,Semen
3CB6Onyb,citayem,Semen
MBiEb6b1,mampang,Semen
KEywC6kR,mampang,Pipa
pzqKLpeT,mampang,Pipa
vU2xAawx,citayem,Pipa
K1R0h6S7,citayem,Semen
bQ9duviD,mampang,Pipa
9YwhzbXx,mampang,Semen
p0OlEIGo,mampang,Semen
6IrjVPc0,citayem,Semen
SFdjqzyr,mampang,Semen
quFoCNcW,mampang,Semen
DVaFUcT5,citayem,Pipa
6Fiv50Oy,citayem,Pipa
c43FHhtK,citayem,Pipa
TF5yiHLD,citayem,Pipa
IWkvJkvw,mampang,Pipa
Hg6iPQHm,citayem,Semen
8VGAjUmT,mampang,Pipa
UupAuuQh,mampang,Semen
kY6dD7nJ,citayem,Pipa
pKiTHKLH,mampang,Pipa
VsDAlswb,mampang,Pipa
Ail0wnhS,mampang,Semen
mlLRPSlF,mampang,Semen
xYaUGN7T,mampang,Semen
m8JMlUgN,mampang,Semen
3TkzBRdR,citayem,Pipa
fo3rx839,citayem,Pipa
malwH97c,mampang,Semen
LdvDHXUU,mampang,Pipa
8nmDlxg3,mampang,Semen
gM9yjnPp,mampang,Semen
QhetAAxd,citayem,Semen
yn9SHLYR,mampang,Semen
ox1fyx2B,mampang,Semen
g2Vmodta,mampang,Semen
mlSeqeQh,mampang,Semen
qzOiByYq,citayem,Semen
CkFBw3cK,citayem,Semen
2IJLT29A,citayem,Semen
ZU3NnTox,citayem,Semen
FeYXf3IO,citayem,Semen
oLUVoIDT,mampang,Semen
i12wLsl3,citayem,Semen
IuMuM6Gx,citayem,Semen
HqngX6cr,mampang,Semen
KHfpoEVJ,mampang,Semen
NHzjjTxn,mampang,Semen
ZWCFfUT1,mampang,Semen
FKu8AKwW,citayem,Semen
cuKM6fjv,mampang,Semen
hxobm1EQ,citayem,Semen
FWzOfC7F,mampang,Semen
q3tH2RBo,citayem,Semen
WZY4Rgqy,mampang,Pipa
jTT90wZV,mampang,Semen
N0RoY5NF,mampang,Semen
ANpyacAO,mampang,Semen
wqYzASv5,mampang,Semen
x0ajg2cb,mampang,Pipa
2ydc4zpy,mampang,Semen
se2axl9m,mampang,Pipa
ej9csmlt,mampang,Semen
yr4juevv,mampang,Semen
rosgn2cd,mampang,Pipa
8rnrs8om,citayem,Semen
r1hhvoxa,citayem,Pipa
B6hZBPh6,citayem,Semen
19o8liTP,mampang,Semen
3CB6Onyb,citayem,Semen
MBiEb6b1,mampang,Semen
KEywC6kR,mampang,Pipa
pzqKLpeT,mampang,Pipa
vU2xAawx,citayem,Pipa
K1R0h6S7,citayem,Semen
bQ9duviD,mampang,Pipa
9YwhzbXx,mampang,Semen
p0OlEIGo,mampang,Semen
6IrjVPc0,citayem,Semen
SFdjqzyr,mampang,Semen
quFoCNcW,mampang,Semen
DVaFUcT5,citayem,Pipa
2hAfHcWW,citayem,Pipa
fUzznpbV,citayem,Pipa
ox5WPHB1,citayem,Semen
qIStgGJx,citayem,Pipa
z6gg3YYt,mampang,Semen
VhJ7cV1L,mampang,Semen
6qe4OBBp,mampang,Semen
cmfM3vr9,citayem,Semen
FoGBNiqO,mampang,Semen
bbgVRZrl,citayem,Semen
kzxfItmB,citayem,Semen
vtCUw4Z9,mampang,Semen
dOQaxzEn,citayem,Semen
AKuWPODR,mampang,Semen
DmFupUp9,citayem,Semen
4bhYjzWn,mampang,Semen
peDF4tDs,citayem,Semen
NwBz5JK1,mampang,Pipa
1GJI8zgp,citayem,Pipa
0gTDO6Av,mampang,Semen
h0YsGMhj,mampang,Pipa
O037dETy,mampang,Semen
mJ9VpdxV,citayem,Pipa
y35YmEeP,citayem,Semen
4MfEuCFa,mampang,Semen
tPXYcrnA,mampang,Semen
3raB01db,citayem,Semen
HOgDIQun,mampang,Semen
aB0B2wMt,citayem,Semen
oHLajnHe,citayem,Semen
bJqVSiNZ,citayem,Semen
HlwkqfH2,citayem,Semen
Prg9C0BE,mampang,Semen
516BT5yk,mampang,Semen
ejCf0dbV,mampang,Semen
kgOcPDZ0,citayem,Semen
EgSuznE2,citayem,Semen
GSeyt4C8,mampang,Semen
HGoNE8AY,mampang,Pipa
z8xxIZkQ,citayem,Pipa
ily9u1Zz,mampang,Pipa
FUStUTQW,citayem,Pipa
RS0ZfKLO,mampang,Semen
EsGO2GeZ,mampang,Pipa
VZnOnoUz,citayem,Pipa
JdzySEO4,mampang,Semen
MgmLb2jQ,citayem,Semen
0KNM12o8,citayem,Pipa
z2iZysDy,mampang,Semen
kC0IaHV0,mampang,Semen
cbr6bP6k,mampang,Semen
RMmpKY7K,mampang,Pipa
1FrVcx8m,mampang,Semen
l7kgBPnD,mampang,Pipa
2Hs0j8CD,mampang,Semen
O2vhsJ0k,mampang,Pipa
HWw4eAWR,citayem,Pipa
NzOPqk1Z,citayem,Pipa
ZR1nY5zq,citayem,Pipa
SNmsypqd,citayem,Semen
A3Ti7K3E,citayem,Semen
pnXKmrid,citayem,Semen
iuUzWX3D,mampang,Semen
hNS2HA6T,mampang,Semen
bRDUOVuL,citayem,Pipa
cB0V6cOk,citayem,Semen
CAGGV4eP,citayem,Semen
tpMi3gNL,citayem,Semen
8S2Yw4eB,citayem,Semen
3LoIMj0T,citayem,Pipa
VQLj7TuO,mampang,Semen
nA1HiO32,citayem,Pipa
BWD95zsx,mampang,Semen
E7mvUTYK,citayem,Semen
n0LTpSyf,citayem,Pipa
RpIQHfzm,mampang,Semen
1Gn48v7K,citayem,Semen
pCRElg8p,mampang,Semen
3Do0Ahzx,citayem,Semen
hBbAzD6q,citayem,Semen
Klh8cucn,citayem,Semen
EJVfDBjS,mampang,Semen
CpAwuBNg,citayem,Semen
YI6JiLsE,citayem,Semen
VLNX3HxT,citayem,Semen
o1hzMrZa,mampang,Semen
HA4LqLdw,citayem,Semen
ksRZbHfH,citayem,Semen
Wr3WOWuX,citayem,Semen
mECkIPLy,mampang,Semen
plUqJvRG,mampang,Semen
5Iekpz5G,citayem,Semen
CLI0r6vO,citayem,Semen
1UtzkNQJ,mampang,Semen
fQURXZEa,citayem,Pipa
NMH15kCD,citayem,Semen
2LoCtvVS,citayem,Semen
1ybe98mv,citayem,Pipa
L0CCwWaO,citayem,Semen
0knAs1Kx,citayem,Semen
gyWyC0Gw,citayem,Semen
eHIpih0H,citayem,Semen
q8fxJ8Zn,mampang,Semen
nTFfVjZx,mampang,Semen
GOJy3pFJ,mampang,Semen
qpQ9WjJ0,mampang,Pipa
FKdIqAhC,mampang,Semen
mxzZ56Jh,citayem,Semen
OAt2rbcQ,mampang,Semen
iwHi1zt1,citayem,Pipa
LP2ZGutV,mampang,Semen
3tC25kHR,citayem,Pipa
qGlR7aoA,mampang,Semen
K3ZWV3dH,mampang,Semen
Mynfr537,citayem,Semen
DyXVmsGr,citayem,Semen
LUaOtNZB,citayem,Semen
juWXNi7n,citayem,Semen
bjroDOTI,mampang,Semen
I1hoCjFJ,citayem,Semen
XgnBLIJq,citayem,Semen
Y9DP8bIK,mampang,Semen
cCzXNvqH,mampang,Semen
pEemY0IA,mampang,Pipa
Y7CMaNox,citayem,Pipa
3Cjza2YJ,mampang,Pipa
MDKEoIww,mampang,Pipa
x7pBBHs1,citayem,Pipa
yrBJyF0c,citayem,Semen
m6GwgmRj,mampang,Pipa
3IPPVr9Y,citayem,Semen
Uk6KqfG5,citayem,Semen
xjht1Box,mampang,Semen
sjS7n7m2,mampang,Pipa
elJbCj3X,mampang,Semen
CRrcV5ze,mampang,Semen
woqCHd9g,mampang,Pipa
1HV7Ecyz,mampang,Semen
pjDb6GvB,citayem,Semen
zZhq1R8u,citayem,Semen
me3pUa2i,mampang,Semen
ux0HILfp,mampang,Pipa
IuQFiesy,mampang,Pipa
Vl54hoXz,mampang,Pipa
lum1NIsW,mampang,Pipa
9lGdrqRP,mampang,Pipa
viulFwxu,mampang,Semen
12DcBBTz,mampang,Pipa
yc7suCxP,citayem,Pipa
H9gsFYhd,mampang,Pipa
Hy3lYzIY,mampang,Pipa
2zk6A7C4,citayem,Semen
kVBIZUvQ,mampang,Semen
o1TZ5s9x,citayem,Semen
UQYsVgiH,citayem,Pipa
Ve3oQEp0,citayem,Pipa
5ItGKfcd,citayem,Pipa
LcYHToKn,mampang,Pipa
ayNGChBy,mampang,Semen
WlQbikSp,citayem,Semen
qEyPJPcq,mampang,Semen
TX5ugVRR,citayem,Semen
dn4638uC,citayem,Semen
CUEfPrCD,citayem,Semen
eYwwzMJW,citayem,Pipa
UoLP0pdu,citayem,Semen
tgePSMBk,mampang,Semen
Asw1PZQm,mampang,Semen
UpJDgwFH,mampang,Pipa
pwbcA0zl,mampang,Semen
raxQU0rh,mampang,Semen
pxFCsxI1,citayem,Pipa
0UAU6MtT,mampang,Semen
6YIyjoWy,citayem,Semen
BcwnHz3b,citayem,Pipa
n0YNfSbE,mampang,Pipa
zxlIFVRM,citayem,Pipa
PCqwEzd9,citayem,Semen
fGu3oDwW,mampang,Pipa
qmgBZIYJ,citayem,Semen
wEjmMabt,mampang,Pipa
VRiPB8ap,citayem,Semen
Hd6v1a5z,mampang,Semen
UryOJ0bg,mampang,Semen
3BXegkU1,mampang,Semen
K1FdPQq3,mampang,Semen
WrZLLrdO,mampang,Semen
J1bHYMO0,mampang,Semen
Ah7Y48F0,citayem,Semen
86ms4KyF,mampang,Semen
ZxTd2g8k,citayem,Semen
OVzMq1qR,mampang,Semen
WtUVQjjM,citayem,Semen
AKGvlgYJ,citayem,Semen
GX1wKavw,citayem,Semen
ZP5ZQVcC,mampang,Pipa
mcIe47kW,mampang,Pipa
sTQ3pJHw,citayem,Semen
PQ1GhOHJ,mampang,Pipa
HFJ7z4tg,mampang,Semen
6bL2hd0X,citayem,Semen
UiMj8nXK,mampang,Semen
pM3fIP4b,mampang,Semen
Yekg9T0E,mampang,Semen
trc6nw8p,mampang,Semen
WB4cuSmD,citayem,Pipa
JDSNvohS,citayem,Semen
AusrgQtE,citayem,Pipa
c9WUjuhv,citayem,Semen
xegjALEz,citayem,Pipa
wmytcciw,mampang,Semen
P8PM7tjz,citayem,Semen
4lFC7APk,mampang,Semen
3rut0m4E,mampang,Semen
9uLhcP9g,mampang,Semen
kLHwmxQK,mampang,Pipa
8TXODbts,mampang,Semen
jsSUUfbK,citayem,Semen
Qklh7FBI,mampang,Semen
23WLlukF,mampang,Semen
uMoXrR1H,citayem,Semen
zlQThGVX,citayem,Semen
A5nRZTL3,mampang,Semen
VCcAlfky,citayem,Pipa
LC3wN8lP,mampang,Semen
9jL7kWCy,mampang,Semen
TX2xQNmU,mampang,Semen
8oKl4fKO,citayem,Semen
OMlu601A,citayem,Semen
GRrcqM7x,mampang,Pipa
XenuWsoi,citayem,Semen
F3C9dwNx,mampang,Semen
qwj5GOww,citayem,Semen
pGyfi73w,citayem,Pipa
G39oVhet,citayem,Semen
BRUpsFeQ,citayem,Semen
RDWDc6gB,mampang,Semen
6Ew7d4T6,mampang,Semen
CZydGTTM,mampang,Semen
0plvCede,mampang,Semen
sk0bDfaf,mampang,Semen
UaE57nhc,citayem,Semen
2rihDvXg,mampang,Semen
PswagNtC,mampang,Semen
XLf0PF3H,mampang,Semen
qxzX97Wb,citayem,Semen
euwhYwPk,mampang,Semen
V1GRODKS,citayem,Semen
wSFmrrjq,mampang,Semen
f6URrXUr,mampang,Pipa
DRfTjJfI,mampang,Semen
E0m4LSoy,mampang,Semen
dGpsSZqt,mampang,Semen
maIfXGZ9,mampang,Semen
fAPomVbL,citayem,Semen
NjrlxX94,mampang,Semen
Fqi2sESZ,mampang,Pipa
XKANTqYN,citayem,Semen
GHscB4q8,citayem,Semen
kfwOG81F,mampang,Semen
BJisK5oE,mampang,Semen
ui2RhDXK,citayem,Semen
VAoAdZil,mampang,Semen
MT4ew6Qa,mampang,Semen
2ZDPxmD6,mampang,Semen
UptyVU0V,mampang,Pipa
4yXIrVL2,citayem,Semen
IxKyt8ei,mampang,Pipa
n9I0ixE1,mampang,Semen
2hNUHRUA,citayem,Pipa
lwnQteDU,mampang,Pipa
uH1mpzvB,mampang,Semen
2qndM9O7,mampang,Semen
KNaRt2nQ,mampang,Pipa
wMbu2xVX,mampang,Semen
8S2DQIqI,mampang,Semen
820SoEHC,mampang,Semen
rw7RU3xt,citayem,Semen
cgviKNh8,citayem,Semen
ZEtpf5gJ,citayem,Semen
2PmX8LCF,mampang,Semen
ENEwSdjs,mampang,Semen
HVG3gobh,citayem,Semen
d2bLrcpt,citayem,Semen
roxirao7,mampang,Semen
StUUMxck,citayem,Semen
khJOZetm,citayem,Semen
8CCBHpef,citayem,Semen
JTN2v1Hw,citayem,Semen
fQ4D2RZl,mampang,Pipa
XJKX8Ntn,citayem,Semen
UnmBEhV1,citayem,Pipa
GWmNJJX8,citayem,Pipa
pYS9onrM,mampang,Pipa
vqp6VIDL,citayem,Pipa
PeK0Ckho,citayem,Pipa
dij5GBNh,mampang,Semen
ivQJeein,mampang,Semen
vpjY6bCl,mampang,Semen
Ys63S46n,citayem,Semen
k8LsKCL6,mampang,Semen
fGxxGANi,mampang,Semen
xVzc14aL,mampang,Pipa
VYuAzZBW,citayem,Semen
c21oXFkr,citayem,Pipa
pK112Mix,citayem,Pipa
eblT5t5U,citayem,Pipa
fWvv7tNW,citayem,Pipa
6X0GJrN7,mampang,Semen
63VtGUD5,mampang,Semen
NE5crimT,citayem,Semen
9VNunU3S,citayem,Semen
d9a4XqPg,citayem,Pipa
NTkSmCQ8,citayem,Pipa
OjGhMkmy,citayem,Semen
c7hKdKLX,mampang,Semen
erkAey9F,citayem,Semen
5Oxes0W4,citayem,Semen
XLPTNoRZ,mampang,Semen
yXbiVQxl,mampang,Semen
eYpBoh58,mampang,Semen
bKjZ6G9d,citayem,Semen
byCmODqS,mampang,Semen
2bBBQWZc,mampang,Semen
5nlvivpe,mampang,Semen
8Xm7SS9F,citayem,Pipa
BbZrnXH6,mampang,Semen
GCHQu0aN,citayem,Pipa
QEcMTHmp,mampang,Semen
2s0GL5OY,mampang,Semen
ySzzXAtG,mampang,Semen
9VTSnuq1,mampang,Semen
DDqX1g7o,mampang,Semen
1TPUrera,mampang,Semen
LKmpAyer,citayem,Semen
Pqw3Zgq7,citayem,Semen
K50o8UXf,citayem,Semen
NsdLKekH,citayem,Semen
f44zrvEK,citayem,Semen
7f7NRgAP,mampang,Semen
85Ns71Py,citayem,Semen
2AGow5rm,mampang,Semen
8l1WLfmS,mampang,Semen
sh98qLdp,mampang,Semen
qHM5SZfZ,citayem,Pipa
wtDbwtvq,citayem,Pipa
Vbvtr7Ho,citayem,Semen
DveJsZHo,mampang,Semen
LZZNnsIT,mampang,Semen
rFc7L2k2,citayem,Pipa
g9h3Xrhj,citayem,Semen
9h90OPOe,citayem,Semen
EDl1jNzL,citayem,Semen
OVxiA6xL,mampang,Pipa
IV738irf,citayem,Pipa
AeP7PnYb,citayem,Pipa
SQVRgAUr,mampang,Pipa
fhuhx9kn,mampang,Pipa
t1q7ptG2,mampang,Semen
KcOj5M5H,mampang,Semen
wQibW6o4,mampang,Pipa
O4Frprsd,citayem,Semen
gQdjHUvH,mampang,Semen
Z3J3SZkt,citayem,Pipa
9kHtte6M,citayem,Pipa
lwTFxHMW,citayem,Pipa
2zkrTG39,mampang,Pipa
bBhDqt2v,citayem,Semen
75Al6JRF,citayem,Semen
GncZO4tJ,citayem,Semen
CDFu9uIE,mampang,Semen
Noj3BaU2,mampang,Semen
WreeGyeO,citayem,Semen
mIkZ9jYq,mampang,Semen
HMYXV4dP,citayem,Semen
bZCp6RDo,mampang,Pipa
tKHq4X1Z,mampang,Pipa
7HD3qUG1,mampang,Pipa
E44ftPrV,mampang,Semen
VyHGOOS0,mampang,Semen
f8QNir2u,mampang,Semen
VcuQuxyq,mampang,Semen
MeJ86Rct,citayem,Pipa
7Ihgcr3g,citayem,Pipa
Ap1IrBGu,citayem,Pipa
qAjnQuMs,mampang,Semen
6M0gH6Hy,mampang,Pipa
mQmeRjep,mampang,Pipa
zZK6BQrf,citayem,Pipa
jPu5u90q,citayem,Semen
lPsKPOu1,mampang,Semen
ICT7tCr7,citayem,Semen
Nv4Jb7N4,citayem,Semen
Yndaa7iV,citayem,Pipa
1g0I5LVB,citayem,Pipa
tL0LgJHl,mampang,Semen
6l9yfwMx,citayem,Semen
lyDaz43X,mampang,Semen
8BLeYNSO,mampang,Semen
1jx2clzD,citayem,Semen
GJU484mN,citayem,Semen
kr18QbLR,citayem,Semen
KkhmTcSr,mampang,Semen
SDPDt6r2,mampang,Pipa
acfjZIi9,mampang,Pipa
473wOdqi,mampang,Semen
RcWTw0K5,mampang,Semen
wNWr72u6,mampang,Semen
1ScXYy3r,mampang,Semen
dK46E094,mampang,Semen
3QG6DxRg,citayem,Pipa
CFpJNW7e,citayem,Semen
3iZYUraX,mampang,Semen
vYh6Kl6A,mampang,Semen
9QzIAZmX,citayem,Semen
9Z1f8nax,mampang,Semen
RYEPFTzV,mampang,Semen
6e9UayRl,citayem,Pipa
omCvfFPc,mampang,Pipa
HHymJTFE,citayem,Semen
wYvU04xT,mampang,Semen
Huws5oks,mampang,Semen
ZoGbltPY,mampang,Pipa
MVFHuMKf,mampang,Semen
7EMmJstV,mampang,Semen
R9HE5IB3,citayem,Pipa
EjwyYXuk,citayem,Semen
8obrNAfO,mampang,Semen
Z7eY0Y0J,citayem,Semen
ztvHNnfS,mampang,Semen
aTN2GyxO,citayem,Semen
VF9tpTZx,citayem,Semen
3FIRCjKr,mampang,Pipa
i9ZWGpxj,citayem,Semen
VdbziIwK,citayem,Pipa
csC3Tq2e,citayem,Semen
YH1aoKN3,mampang,Pipa
Wl6I1leN,citayem,Pipa
ZCgDTXYw,mampang,Pipa
gPKcenSE,citayem,Semen
I825rHtd,citayem,Semen
MChE1gRm,citayem,Semen
txumUnAZ,citayem,Semen
NG3L7ycC,citayem,Semen
HvmnPIyJ,citayem,Semen
XtHAdj2A,mampang,Semen
d00tBEMf,mampang,Semen
TtsbqLrX,mampang,Semen
q9PxFo7Z,mampang,Semen
ujt3NTXo,mampang,Semen
WGojl8im,citayem,Semen
xPB0CmEP,citayem,Semen
MkIzoy30,mampang,Semen
5YMjXKNi,citayem,Semen
7IyonzOY,citayem,Pipa
3IPPVr9Y,citayem,Semen
cmfM3vr9,citayem,Semen
FoGBNiqO,mampang,Semen
bbgVRZrl,citayem,Semen
kzxfItmB,citayem,Semen
vtCUw4Z9,mampang,Semen
dOQaxzEn,citayem,Semen
AKuWPODR,mampang,Semen
DmFupUp9,citayem,Semen
4bhYjzWn,mampang,Semen
peDF4tDs,citayem,Semen
o6ht4hXV,citayem,Semen
jQ7Y6vg8,citayem,Pipa
OXRZD7pf,citayem,Pipa
7gnI7aI2,mampang,Semen
l1rVtR4D,citayem,Semen
Yn6ARbwf,citayem,Semen
27EQVgSY,citayem,Semen
h2hDoQfF,citayem,Pipa
cWybHfam,mampang,Semen
UjQ2k2v3,mampang,Semen
yLrQAXdi,mampang,Semen
OHbD1Bj8,citayem,Pipa
sKcUaJD0,citayem,Pipa
OM9Udl70,citayem,Semen
FHKfsIGB,mampang,Pipa
M7DQMNCz,mampang,Semen
FEhE29BU,citayem,Semen
XtVCKkHH,mampang,Semen
pQrvzzRj,citayem,Semen
qgMuPIRq,citayem,Semen
Hrm8s5OA,citayem,Semen
e3jWlzkY,mampang,Semen
kR6L0fOR,mampang,Semen
NnYLEX21,citayem,Semen
O4NDztzf,mampang,Semen
fw36Fn0C,citayem,Semen
SKYTlwbX,citayem,Semen
POZjFCQk,mampang,Semen
kPqVRBfu,citayem,Semen
8rga0EQa,mampang,Semen
b9Yt7i2U,mampang,Semen
5GfuS58Z,citayem,Semen
yJ64KTDZ,mampang,Semen
bctJUyQY,citayem,Semen
XU2wO7zr,mampang,Semen
wHKKdh6f,mampang,Semen
Dz2tpGC9,mampang,Semen
CMMX45Qs,mampang,Pipa
VOeOmP1j,citayem,Pipa
SIIDLE69,mampang,Pipa
1GJI8zgp,citayem,Pipa
0gTDO6Av,mampang,Semen
h0YsGMhj,mampang,Pipa
O037dETy,mampang,Semen
mJ9VpdxV,citayem,Pipa
buoXEwKb,mampang,Semen
t7gtqc9z,citayem,Semen
7H9SOyVA,citayem,Semen
shlDgq35,citayem,Semen
iiiP2PRY,citayem,Semen
lTjmuRcd,mampang,Semen
5XTZSGoB,mampang,Semen
PqhKCSC5,mampang,Semen
0rnzVP30,citayem,Semen
PS4kBA8V,citayem,Semen
5xXoCwL4,mampang,Semen
z8EM9V2v,citayem,Semen
BsbBPrNI,mampang,Semen
z5wDecrp,citayem,Semen
Hs2nKIDF,mampang,Semen
kVuHvNkK,citayem,Semen
94bnYykD,mampang,Semen
49fkm6ti,mampang,Semen
paYlEGFZ,citayem,Semen
I11KlZYP,mampang,Semen
0GDKnBd3,mampang,Pipa
UEj6oJlJ,mampang,Semen
ZUIggOv2,citayem,Semen
cRnV7AoK,mampang,Pipa
wowIG3Cn,mampang,Semen
DzNsdhqe,mampang,Semen
JdzySEO4,mampang,Semen
MgmLb2jQ,citayem,Semen
0KNM12o8,citayem,Pipa
csCbNnX0,citayem,Semen
O6uJxyPY,mampang,Semen
sFeHU4f4,citayem,Semen
udQ7VgZG,citayem,Semen
z0VaJEMu,mampang,Semen
O7Fxz02z,mampang,Semen
FWQrXRbq,citayem,Pipa
AsvsUeMB,citayem,Semen
6Is0IXFg,mampang,Pipa
gzKxnMzD,citayem,Pipa
FlztYi0o,citayem,Semen
AsvsUeMB,citayem,Semen
QaCKKfT5,citayem,Semen
BaB0hNLw,mampang,Pipa
gbaT0U97,mampang,Semen
hXBow39o,mampang,Semen
adLUOpXO,citayem,Semen
ynnYcb5x,mampang,Semen
2OyQdaII,mampang,Semen
3WeOvP8L,mampang,Semen
h83SaBYw,citayem,Pipa
FgdZlqPQ,mampang,Pipa
hkRfUYck,citayem,Pipa
Yq32ZiHr,mampang,Semen
a118fRW9,citayem,Semen
tGaJzgpl,mampang,Semen
QpaDX0fx,citayem,Pipa
BNhl1MQI,mampang,Pipa
rgV7epPN,citayem,Semen
PodoYo1x,citayem,Semen
qNMcwQk6,mampang,Semen
1kSdlyQ9,citayem,Semen
pEUDMGUV,mampang,Semen
uh6W9T0e,citayem,Semen
BRJEylSP,citayem,Semen
TDnQbBu3,citayem,Semen
50qxvBuq,mampang,Semen
VzwNOnKd,mampang,Semen
eOMiyikf,citayem,Semen
56TqjWHg,citayem,Semen
0ziGdYr9,mampang,Semen
6KxoCQso,citayem,Semen
WLsc1idb,mampang,Semen
zzL3hSsQ,citayem,Semen
K9BtBxfT,citayem,Semen
1taNrG0Q,mampang,Pipa
gK53LoyH,mampang,Pipa
Dl4Zf3cB,citayem,Semen
Us4Vlwn1,citayem,Semen
m8RHBy35,citayem,Pipa
NgAiGUBQ,mampang,Semen
osZcCRHB,mampang,Semen
6d6dN3s1,mampang,Semen
v7friJH4,mampang,Semen
PQnxrZoc,citayem,Pipa
OzYw0pn3,citayem,Pipa
VynmLW6S,citayem,Pipa
uk9jgt5o,mampang,Semen
4FoXl5hy,mampang,Semen
iLmJkp8t,citayem,Semen
kC4TiX8p,mampang,Pipa
UEJnPpXc,mampang,Pipa
BOJ8n9Jc,citayem,Pipa
EI96TnPU,citayem,Semen
rDMdR0QR,mampang,Pipa
nbnUt8YK,mampang,Semen
X3eoOOLt,mampang,Pipa
LHpThC8G,citayem,Semen
RshYa79S,mampang,Semen
o8gydUwy,mampang,Semen
Ay5ZAGTx,mampang,Semen
RDWDc6gB,mampang,Semen
6Ew7d4T6,mampang,Semen
CZydGTTM,mampang,Semen
kr73BvBM,citayem,Pipa
STL9g8fq,mampang,Pipa
8isWfhZj,mampang,Pipa
FFx3Oo2s,mampang,Pipa
WvLEpyz9,citayem,Pipa
5zQzYYyd,citayem,Pipa
ERNYL6J1,citayem,Pipa
Iyu5gSbA,citayem,Semen
Eb9wNRaY,mampang,Semen
lvEDt5RY,mampang,Semen
eI0lWQaO,mampang,Semen
QpuVJ2dA,mampang,Semen
zn1kxwyo,mampang,Semen
bl7rfDyr,citayem,Pipa
aJg6U7qE,citayem,Semen
gO6U7TbU,mampang,Pipa
zbUv3wpF,citayem,Pipa
RatkQppC,mampang,Pipa
1aCV5cTU,mampang,Semen
StUUMxck,citayem,Semen
khJOZetm,citayem,Semen
8CCBHpef,citayem,Semen
vpjY6bCl,mampang,Semen
JTN2v1Hw,citayem,Semen
fQ4D2RZl,mampang,Pipa
XJKX8Ntn,citayem,Semen
UnmBEhV1,citayem,Pipa
GWmNJJX8,citayem,Pipa
pYS9onrM,mampang,Pipa
vqp6VIDL,citayem,Pipa
PeK0Ckho,citayem,Pipa
dij5GBNh,mampang,Semen
ivQJeein,mampang,Semen
wVOWTMKm,mampang,Pipa
hBR9sk6V,mampang,Semen
DnZZIB16,citayem,Semen
dFAhpgc7,mampang,Semen
Qua9vpsC,citayem,Semen
ByKflXo6,mampang,Semen
0xWr8ncD,mampang,Semen
OQHUf7m2,mampang,Semen
90XaNUOX,citayem,Semen
tahL9yB9,citayem,Semen
wmAmeNIB,mampang,Semen
R3tYdIN6,citayem,Semen
dD90S0Xp,mampang,Pipa
dbGUXGos,mampang,Pipa
OWd1G3jm,citayem,Pipa
MiwgmdxP,mampang,Semen
ToODUZJO,mampang,Semen
APsZok2W,mampang,Semen
NPalIBVL,mampang,Pipa
zs7fk6VR,citayem,Semen
1JVYK6lE,citayem,Semen
xLPL3zyV,citayem,Semen
TWCWKXYp,mampang,Semen
hevNEMem,citayem,Semen
n2euT8bl,mampang,Semen
EKR53J06,citayem,Semen
y1ElkyO7,mampang,Semen
lPmWxNiM,mampang,Semen
OjGhMkmy,citayem,Semen
OnCNqeEg,mampang,Semen
2noaw7Qr,mampang,Semen
IsrvOLZO,mampang,Semen
cn5Zim8J,citayem,Semen
bxLQan7J,citayem,Semen
YEUCY5Qe,mampang,Semen
zcdLLTif,citayem,Semen
KY6tjGQF,mampang,Semen
TWhjqk3m,citayem,Semen
ZabNlAgU,mampang,Pipa
KYgySL7C,mampang,Semen
LZbEI73B,mampang,Semen
0L0zacmU,citayem,Pipa
LIFTCysG,mampang,Semen
YVUtOAej,mampang,Pipa
IH4bWJ7F,citayem,Semen
2YAB30OA,mampang,Semen
zqT6WNAP,mampang,Semen
WO8dZWm5,mampang,Semen
MtDU2OuN,mampang,Semen
g0cjo6tK,citayem,Pipa
bc9QcnOx,citayem,Pipa
YpeCCP98,mampang,Semen
vdvkgGOu,mampang,Semen
ZfWRDgID,mampang,Pipa
dSUzmu0n,mampang,Semen
9m1qxLbB,citayem,Semen
IpONOq17,citayem,Semen
No5GaSYA,mampang,Semen
005lW0Xz,citayem,Semen
ukJJl4Uv,mampang,Semen
WfmQaNyC,mampang,Semen
rcdMsdjs,mampang,Semen
iBmsIfdQ,citayem,Semen
Ap1IrBGu,citayem,Pipa
qAjnQuMs,mampang,Semen
6M0gH6Hy,mampang,Pipa
mQmeRjep,mampang,Pipa
zZK6BQrf,citayem,Pipa
jPu5u90q,citayem,Semen
tQ63IEUU,citayem,Pipa
rQCL2WrA,citayem,Semen
WzQ9xjsJ,mampang,Pipa
8TIGVi1Y,citayem,Semen
2hGmmMjh,mampang,Pipa
eP4YVNoS,citayem,Pipa
V7tnLAly,mampang,Semen
GP0CCvK3,mampang,Pipa
VXd7I1Ef,citayem,Semen
jZYNMVvw,citayem,Semen
dfMGCaQa,mampang,Semen
MZeSQKlW,citayem,Semen
e8VlNjA5,citayem,Semen
mXwpi5As,citayem,Semen
cVd0Ri0e,mampang,Semen
0qSdEYcX,citayem,Semen
1gCJOp33,mampang,Semen
bjYevvZt,mampang,Pipa
XB4FOuZw,citayem,Pipa
YlSicZcT,citayem,Pipa
U76lhfoa,mampang,Semen
o6uPvpLh,mampang,Pipa
NOL5qHby,mampang,Pipa
APLQOlkp,mampang,Pipa
nZGauvUf,citayem,Semen
wbem7wvy,mampang,Pipa
7C8D0rui,citayem,Pipa
9kwIFXea,citayem,Pipa
bZax5JlE,mampang,Pipa
kI6HMyLd,citayem,Pipa
YWIxXJ6N,citayem,Semen
OHPw0ovd,citayem,Pipa
QB14f1fY,mampang,Pipa
qfGMKzMQ,citayem,Pipa
56vli86V,citayem,Pipa
awD5H21i,citayem,Pipa
nWhCo0rP,citayem,Pipa
XWOeTEaM,citayem,Pipa
fZNM7JV0,mampang,Semen
A1BExYwf,mampang,Pipa
S7dwSbNm,citayem,Pipa
UrvIXmIz,mampang,Pipa
p391pBJv,citayem,Pipa
W2JE6Qiw,citayem,Semen
V1srBflG,mampang,Semen
8qecP458,mampang,Semen
QJNs6iTe,mampang,Semen
zNqHUSs7,mampang,Pipa
wG8W5jNn,citayem,Semen
5iaWzRkK,mampang,Semen
6k3OLsm3,mampang,Semen
IRMJeJme,mampang,Semen
fWMuRGSu,citayem,Semen
YJueM0AK,mampang,Semen
BKz8Uv9r,mampang,Semen
8Lb7m7jc,mampang,Semen
LtgfG9ST,mampang,Semen
odc3C9lA,mampang,Semen
45vyGw2x,citayem,Pipa
pmIM8Ygd,citayem,Semen
WCgo3zvi,citayem,Semen
hYpQhXE1,mampang,Semen
vSXfVGeX,citayem,Semen
efU9OS1U,mampang,Semen
EQNCIrQa,mampang,Semen
FYlbiRrz,mampang,Semen
eRv16Z3L,citayem,Semen
y0dTFdu3,mampang,Semen
UgYu8QDP,citayem,Semen
0g91ENS0,citayem,Semen
8A2lNGm2,citayem,Semen
YY9WD134,mampang,Pipa
DwBtOM8N,citayem,Pipa
xiKWjYnT,mampang,Pipa
zmZ7kZ6a,mampang,Pipa
cjpHSTzR,citayem,Semen
KohsXbaK,mampang,Semen
ZXV5huAr,citayem,Semen
WPRh1lGW,citayem,Semen
tdyLqVHe,citayem,Semen
8tnDGm5v,citayem,Semen
6UdWRSDC,mampang,Semen
asKG6ooq,citayem,Semen
yT7oLzyF,mampang,Semen
O3OasHDr,mampang,Semen
qrA6YdXH,citayem,Semen
SPjMzlSi,citayem,Semen
2ki5CXKq,citayem,Semen
HZtUrlrB,citayem,Semen
Zq3HBUYe,mampang,Semen
76bV2AII,citayem,Semen
KkOC5RhA,citayem,Semen
CI0HhGdV,mampang,Semen
djk307Ib,mampang,Semen
S0Fzaszc,mampang,Semen
sl3IlOq3,mampang,Semen
Ml4wDXzD,citayem,Pipa
efGZ6wm1,mampang,Pipa
XdC6iN0V,citayem,Semen
N1cL9YYe,mampang,Semen
vb31rYEn,mampang,Semen
h10SVrwy,mampang,Semen
YdLIu6Qa,mampang,Pipa
sltlH2Q2,citayem,Pipa
460bfeoq,citayem,Semen
wvpNZ8tu,citayem,Semen
vlsOPiPK,citayem,Semen
c3BlK1pu,citayem,Semen
lg4zfS6h,mampang,Semen
tZHwPCdE,citayem,Semen
irGiRqL9,citayem,Semen
Zzhixkcs,citayem,Semen
q2ziIZyK,citayem,Pipa
6qAcWuDW,citayem,Semen
BsONneUC,citayem,Semen
8JhV6fc7,citayem,Semen
ogsh8hnL,citayem,Semen
nmhiTbyy,citayem,Pipa
DLlpiwHs,mampang,Semen
zG9qJK1H,citayem,Semen
tiTY4e9t,mampang,Semen
BoaQwwkj,citayem,Semen
qdrg4Ayw,mampang,Semen
MzijfIEh,citayem,Semen
tJQ8pRIU,citayem,Semen
dvVcqbIR,mampang,Semen
bI4negbb,mampang,Semen
8EyJ6CtB,mampang,Semen
fc2bW3IY,mampang,Pipa
u9cRcHkn,mampang,Semen
YDJvcybq,citayem,Semen
ouWAYxxX,mampang,Semen
8SoIIiyq,citayem,Pipa
QJn0ZsWE,mampang,Semen
fGpkSBHo,citayem,Semen
j0tRiaLx,mampang,Pipa
wOmUHJXA,mampang,Pipa
udI2AigU,citayem,Semen
Iid9f5T6,citayem,Semen
K8bjT4Am,mampang,Pipa
SXb2k0WH,mampang,Semen
8pWq9xdR,citayem,Semen
0Z2wKkt2,citayem,Semen
LeA5Ba5Z,mampang,Pipa
l07f3ybC,citayem,Semen
IrnogJWH,mampang,Semen
Q6dSp9pm,mampang,Pipa
OPRUAUSw,citayem,Pipa
hQIR145L,mampang,Semen
dHMiO0Y4,citayem,Pipa
tKFrkbtc,citayem,Semen
CHHmWHSw,mampang,Semen
5OnTQt6u,citayem,Semen
iFSYMuKX,mampang,Semen
Xv3Vkr7W,mampang,Semen
66kCk4xi,citayem,Semen
0B0hS70K,mampang,Semen
HhMYxLAh,citayem,Semen
SrGMaXC7,citayem,Semen
FysmOiY4,citayem,Semen
tnmzMOHT,mampang,Semen
8e0ItTZe,citayem,Semen
dYK1190t,mampang,Semen
qH410IZt,citayem,Semen
VAL4DPZ7,citayem,Semen
rWOu6AiH,mampang,Semen
nnoBiWIg,citayem,Semen
g57O0JyH,citayem,Semen
NJJv7muA,mampang,Semen
wKlmBYWN,citayem,Semen
MxpS5jnV,citayem,Pipa
AmVga76G,mampang,Semen
FVHChe2F,mampang,Semen
PLYrSuWR,mampang,Pipa
TqdAknba,mampang,Semen
wawk02Fd,citayem,Semen
DPE1mbu6,mampang,Pipa
BTLWdnmg,mampang,Semen
K2ayt8Ek,citayem,Semen
8pXdECBa,citayem,Semen
vAcUt4N7,mampang,Semen
M6f7WsSj,mampang,Pipa
JS3Hs1Cf,citayem,Semen
QD9fchtQ,mampang,Semen
iIqPjRcT,mampang,Semen
aFoMqsZK,mampang,Semen
ZmCbS1t6,citayem,Semen
cYyFW9u1,citayem,Semen
8dptcjnH,citayem,Semen
I2W2r9Cu,citayem,Semen
euQD45XD,citayem,Semen
NT79AsYH,citayem,Pipa
uW6RqiDG,citayem,Semen
LCYpF5cV,citayem,Semen
6nr0qzOG,citayem,Semen
1mf2tsYU,citayem,Pipa
Kl5OMSHr,mampang,Pipa
7osAIvsP,mampang,Pipa
zCET88T5,citayem,Semen
68OBhLWc,citayem,Semen
1Kyrn2ht,mampang,Semen
j5XSpCce,mampang,Semen
EKNqvzZA,mampang,Semen
yBWZcqBw,citayem,Semen
iYFKVHDf,citayem,Semen
KhiiHTvz,citayem,Semen
SVtLq43U,mampang,Semen
23I9pP3l,mampang,Semen
izvNVfri,mampang,Pipa
IdZ82Ko3,mampang,Pipa
t9q46y47,mampang,Semen
Lzff4Asf,citayem,Semen
C3Oxhlwi,citayem,Semen
7utnw2gJ,mampang,Semen
92U5vKb7,citayem,Semen
Z35Ve929,citayem,Semen
KGvkPTKL,mampang,Semen
b3tZRnvM,mampang,Semen
biDckkF8,mampang,Semen
YBakGSvi,citayem,Semen
5zrYO1vV,mampang,Pipa
QNnp7Dds,mampang,Pipa
VJkAp7YG,citayem,Semen
nA1HiO32,citayem,Pipa
CMkAXLNK,citayem,Pipa
JaL3Tgb0,citayem,Pipa
KNOOLvct,mampang,Pipa
RVqzxG0F,citayem,Pipa
gd4yPl66,mampang,Semen
HwhEOWSx,mampang,Semen
3OxrOh7B,citayem,Pipa
BBclUszG,citayem,Pipa
kcMp6XOx,mampang,Pipa
IpLIIpHg,mampang,Pipa
tR1piL5f,citayem,Pipa
g7vFtSOu,mampang,Pipa
NI6WQk7C,mampang,Semen
8UuSuizc,citayem,Pipa
63AooKkY,citayem,Pipa
OYCX3Dty,citayem,Semen
Le497xPA,citayem,Semen
TglXaqpn,mampang,Pipa
ubMcWJVE,citayem,Pipa
xCYtQhhQ,citayem,Pipa
DuvE9ovK,mampang,Pipa
c8bY12Pd,mampang,Semen
47BoWSz7,mampang,Semen
9wUtTJwa,mampang,Semen
E5OEZu4q,citayem,Semen
A7zUyrmv,citayem,Semen
40JY0X0H,mampang,Semen
H32dyxIw,citayem,Pipa
SGqPmZt3,citayem,Pipa
piT83aLA,citayem,Semen
XyhOGoov,citayem,Semen
Skc2IjkW,citayem,Semen
uNfygRgx,citayem,Semen
1rAcZvd6,citayem,Pipa
nr1bYwfb,citayem,Semen
5rFE06Ga,mampang,Semen
KNtf7tVE,citayem,Semen
f4KiOtsa,citayem,Pipa
eFcWtJ25,mampang,Pipa
Yg2kT6sJ,citayem,Pipa
FOT06Of0,citayem,Pipa
sipCV6bn,citayem,Semen
IfQC0hNI,mampang,Semen
VCvEs4nz,citayem,Pipa
FMUTtWge,citayem,Pipa
HjDSboqR,mampang,Semen
Tz9AkJQ3,mampang,Pipa
0EEym5Qa,citayem,Pipa
H4iU906s,citayem,Semen
3m7ggMxg,citayem,Pipa
F3XHfuEh,citayem,Pipa
crp0pFsT,mampang,Semen
ThtN70Dk,mampang,Semen
ThKAFWVP,mampang,Semen
dzw9nnrA,mampang,Semen
KPJotpfs,citayem,Pipa
5R0OvEII,mampang,Pipa
J8HVJIOA,citayem,Pipa
iEh5j0ut,citayem,Semen
oL0PYmZ9,citayem,Semen
bHBd6vtc,citayem,Semen
X8ykXx7n,citayem,Semen
F4ECf8HX,citayem,Semen
sKkq0dBb,citayem,Semen
ZuRl6w1z,citayem,Pipa
cki8lKFx,mampang,Semen
3VdiT3Af,citayem,Semen
gaj4pBkr,citayem,Semen
GNBLSaYn,mampang,Pipa
aHxU6UPt,mampang,Semen
ujwDMfSD,mampang,Semen
4HqiEPQW,citayem,Semen
c0vK9sas,mampang,Pipa
wgqucrhE,mampang,Semen
y36W6Jzm,mampang,Semen
lqOkE5vK,mampang,Semen
WoXGmMSk,citayem,Semen
VcRPgzDt,mampang,Semen
gYrID8Ip,mampang,Semen
9TQ2C0Dn,citayem,Pipa
LA0yEjVq,mampang,Pipa
CwAL0pfB,citayem,Semen
KGu96y5q,citayem,Semen
5806w6mh,citayem,Semen
fGHaofXX,mampang,Semen
oU0xgYDW,citayem,Semen
UsAKqNE4,mampang,Semen
IrN53AMc,mampang,Semen
YRFhcRdc,mampang,Semen
5LDkduNc,mampang,Semen
VbSxdjmh,citayem,Pipa
CIWHv7fy,mampang,Semen
KgGwoFhE,mampang,Semen
sU85LAWa,citayem,Semen
h4C0Ywpo,citayem,Semen
eUGHGWVy,citayem,Semen
nVUXuZ9g,citayem,Pipa
eK91Ivjo,citayem,Semen
f8BOzWo0,citayem,Semen
bhWTgUrQ,citayem,Semen
sBdOiQCw,mampang,Semen
9gUNEtg0,citayem,Pipa
20OmhieD,citayem,Pipa
QoOsVKfY,citayem,Pipa
fW3rGkge,mampang,Semen
VFpK0teP,citayem,Pipa
hq5NGecy,mampang,Semen
61bbuQuT,citayem,Semen
T6AVNA8P,citayem,Semen
8WxfSxC9,citayem,Semen
P2VFYPEU,mampang,Semen
xswl2Zr5,mampang,Pipa
7vtUZYjH,mampang,Pipa
7QGbcCNT,citayem,Semen
gLzBqpei,mampang,Semen
cszIzDWN,mampang,Semen
icpFqsje,mampang,Semen
j5zxiG6A,citayem,Semen
HCEVIEL4,citayem,Pipa
scMhV0gT,mampang,Semen
gDfziPXP,mampang,Semen
K7BxhB78,mampang,Semen
hCMNTuhK,citayem,Semen
pwzvmaxW,citayem,Pipa
GdsL7EpR,citayem,Semen
u3jhun2i,mampang,Semen
4BDlTx2z,mampang,Semen
aAvOTNHx,mampang,Semen
bHbMzeDL,citayem,Semen
iDgwCcf6,mampang,Semen
52H6J8dA,citayem,Semen
1rSYShf5,citayem,Semen
ofFR6nsl,mampang,Semen
KYjtOele,mampang,Semen
rPFpCwRU,citayem,Semen
eUvDdnRT,mampang,Semen
Mr6issxD,mampang,Semen
Gu0kgdQ6,mampang,Semen
6Mge5bg1,citayem,Pipa
dCjf66Ah,citayem,Semen
QMDrp9lk,citayem,Pipa
zqnP7qXP,citayem,Semen
SihLByhR,mampang,Pipa
GplC7Hxd,citayem,Semen
KWStdWd8,mampang,Semen
ub5F4szi,mampang,Pipa
QcKZf8cx,citayem,Pipa
sCtLen8L,citayem,Pipa
Ntowqn1D,citayem,Semen
yDQ8fTMA,citayem,Pipa
Kx2ojQYq,citayem,Semen
mdZJIvl3,citayem,Semen
1sXEkQzf,citayem,Semen
2cVwyZDB,citayem,Pipa
0vmZFd3P,mampang,Pipa
AWwQnKdf,citayem,Semen
Z3j8azAy,citayem,Semen
yRIfrKfX,citayem,Semen
MktSq6p4,citayem,Semen
V1eUhsCB,mampang,Semen
QWj75Sf1,mampang,Semen
4KtpTmJC,mampang,Semen
oHowJ99E,mampang,Semen
NN5JAMwL,citayem,Semen
IIl3z8Tu,mampang,Semen
Qzv2avG2,mampang,Semen
Xizn8nBg,mampang,Semen
1KYmTnL7,mampang,Pipa
5LYlzYbW,mampang,Pipa
x5jjWxfT,mampang,Pipa
JfwrL3n3,citayem,Pipa
68ib6PlO,mampang,Pipa
J5Brr9IW,citayem,Pipa
2eucXu3Z,citayem,Pipa
qpyvGFGT,mampang,Semen
33Sqdi7o,mampang,Pipa
UQwCoNx3,citayem,Pipa
1ygWggQx,mampang,Semen
v1JlTdDS,citayem,Semen
r6xBFiFF,mampang,Pipa
DhOjDt0U,citayem,Pipa
Ln5MWFlF,citayem,Semen
zTRG9bj0,citayem,Semen
XfTKR1Qb,mampang,Semen
Idx6znmf,citayem,Semen
BH36Imvu,mampang,Semen
89jYGvyO,citayem,Pipa
zt9p4fBy,mampang,Semen
ADztkaw9,citayem,Pipa
Bxl0lnlm,mampang,Pipa
nCkVsErj,mampang,Semen
3rh8RLuz,citayem,Pipa
HQ0FRtyE,citayem,Pipa
FJOfPu6N,mampang,Semen
mgMul2Qc,citayem,Pipa
0kgMk5Iz,mampang,Semen
R7DYNw9D,citayem,Semen
WP0zj4Ah,mampang,Semen
Gzfj7Jf5,citayem,Pipa
BtE0NaoU,mampang,Semen
EN1bBXAW,citayem,Pipa
a1x9cjQ8,mampang,Pipa
VmVCaHtC,mampang,Pipa
ZfLeBD0E,mampang,Semen
XCFkBsX0,citayem,Semen
Kcw71yNA,citayem,Pipa
30ILNUpa,citayem,Semen
E2V6d6kP,mampang,Pipa
vMZ9mOJw,citayem,Pipa
MHHSBOP7,mampang,Semen
w0lb70nJ,mampang,Semen
VC3Xdpj1,citayem,Semen
ibVptXUP,mampang,Semen
Q4HzKL2C,mampang,Semen
IhL0sMJ7,citayem,Semen
LfpIxAfj,citayem,Semen
Ol1VGuUW,mampang,Semen
uxYo1Us4,citayem,Pipa
vWRgzGuf,mampang,Pipa
SMuzh97T,mampang,Semen
nCCDrlh0,citayem,Semen
z9DFjGqg,mampang,Semen
sLnsBVxo,mampang,Semen
XdT1h6uE,citayem,Semen
AfsmWw2p,mampang,Semen
gBxOF02r,mampang,Semen
octV7V23,mampang,Semen
FTph7C3D,mampang,Semen
IksoIaun,citayem,Semen
fgjRZQCJ,citayem,Semen
vkASm2XE,mampang,Semen
vr8NQwZt,mampang,Semen
2mkFnItM,mampang,Semen
nLLl4gtH,citayem,Semen
lhGP1sfv,citayem,Semen
umeJKlZc,citayem,Pipa
nxk2Sv0A,citayem,Pipa
FGK9nAo0,mampang,Pipa
c1q2ms7U,citayem,Pipa
OjFVMu1H,mampang,Semen
AfgQlMcr,citayem,Pipa
c5j0J10c,citayem,Pipa
IY1f9Sak,citayem,Semen
nEbMRPZ8,citayem,Semen
hxlrOVye,mampang,Semen
KMsGaYbT,citayem,Semen
LnfbyfU9,mampang,Pipa
DP2LJNJz,citayem,Pipa
8xgLRn1T,mampang,Pipa
KqaJWym4,citayem,Pipa
T1Sd5N0e,mampang,Pipa
IEchknQE,citayem,Semen
vJwXRjd8,citayem,Semen
HZQ9bQVw,citayem,Semen
53XQKcW7,citayem,Pipa
I6Cutd1H,citayem,Semen
PRH8qjDK,mampang,Semen
iRZBMYR7,citayem,Semen
6XqWV8Ta,mampang,Semen
rYZuwNeb,mampang,Semen
gowC6IlW,citayem,Semen
F4EPmFHE,citayem,Semen
7ROLxrTq,citayem,Semen
2UXOqtYH,mampang,Semen
RUnJpyIz,mampang,Semen
yT0kRyMQ,citayem,Semen
kElki0yt,mampang,Semen
HIb3iTOS,mampang,Semen
dkQO8hnI,mampang,Semen
xeWDAq8N,mampang,Semen
RaLTSxCr,mampang,Semen
NntLD8pI,citayem,Semen
rqW55o3M,mampang,Semen
E2ODizgR,mampang,Semen
jxtKbPKu,citayem,Semen
m0jemvqM,mampang,Semen
0oYH3bZv,mampang,Semen
EUIHt4S7,mampang,Semen
xUlrutCR,citayem,Semen
jgOoHzON,citayem,Semen
V5KUZRsx,mampang,Semen
N0rxIuk0,mampang,Semen
e6i6lqWz,mampang,Semen
z0ykCM8K,mampang,Semen
pLwtxXxU,mampang,Semen
2Knypsbl,mampang,Semen
4gKCCL07,mampang,Semen
OlZTX61W,citayem,Semen
PG11Ik0m,citayem,Semen
ywIjpQfW,mampang,Semen
0JFqrdjk,citayem,Semen
0yKCo27c,mampang,Semen
OWcyS6vt,mampang,Semen
TyVle1VW,citayem,Pipa
k224xGwE,mampang,Semen
wOUimDUz,citayem,Semen
MHiqGzBE,citayem,Semen
glEjKgYr,citayem,Semen
Q8Wyxruo,citayem,Semen
tnII4nVU,mampang,Semen
lLp2nIc4,mampang,Semen
6BURTGVj,mampang,Semen
zFL0KBbf,citayem,Pipa
SNQPWouP,citayem,Semen
dgFAyjvx,citayem,Semen
SRed86sw,mampang,Semen
e5E8qqz5,mampang,Pipa
toYQtDdj,citayem,Pipa
C7DcW861,mampang,Semen
Ae9Kf6oF,citayem,Pipa
gnzWTcde,mampang,Semen
yVUuQHVi,mampang,Pipa
jIB5KwF1,mampang,Pipa
qCGBQXIQ,citayem,Semen
dWEA7AB8,mampang,Semen
KTltBUJU,citayem,Semen
gb2ZtQG4,mampang,Semen
5QW5hnAc,citayem,Pipa
M85SkFne,mampang,Semen
d4xQSX1w,mampang,Semen
5kmF4IZx,mampang,Semen
wEMlLnb4,mampang,Semen
I2nZFOZ8,mampang,Semen
BFjwCF4C,mampang,Semen
SMkkEcR3,mampang,Semen
AtpsmLKk,mampang,Semen
AA9aukPK,mampang,Semen
kf0aAzks,citayem,Semen
E1rWNlCw,citayem,Semen
Oi8cbDZh,mampang,Pipa
jT2e4Vrh,mampang,Semen
qcBHw6FP,citayem,Pipa
5sHsjTd8,mampang,Pipa
4JvEqIHi,mampang,Semen
ZWhR7KAf,citayem,Semen
JDtzgTIh,mampang,Semen
Yamx0XFI,citayem,Pipa
JLiioNw0,mampang,Semen
mEZ6kPsZ,citayem,Semen
ME4Pgou5,mampang,Semen
na7JYKSm,mampang,Pipa
FyqAxFVs,mampang,Semen
QqfswHLn,mampang,Semen
z0FEKvYu,citayem,Pipa
ZXoWp4yh,citayem,Pipa
CZU6NI3l,mampang,Semen
seslwxeS,citayem,Pipa
Y6OiHWWo,citayem,Pipa
4MRUHgiy,mampang,Pipa
kuUD842n,citayem,Semen
guD5w6ja,mampang,Semen
kr3BwKpv,mampang,Semen
dhiBmU4u,mampang,Semen
16g3zRMn,mampang,Semen
2dzDMQAo,mampang,Semen
WKcZI6rI,mampang,Semen
sVAalAIe,mampang,Semen
jN7S30Qz,citayem,Semen
vo1wAkhf,citayem,Pipa
KnkPcCyI,citayem,Pipa
wmNsOkUa,mampang,Semen
Hp5D7fHr,mampang,Pipa
upH2jwd5,citayem,Semen
I4e6YeNP,citayem,Semen
RYJpHPwq,mampang,Pipa
2u47s0pe,mampang,Semen
XEuVpmdF,citayem,Pipa
val09fvD,mampang,Semen
ByDSGOWb,citayem,Semen
ux323MzW,citayem,Semen
f97QLWw7,citayem,Semen
q1EG1OqB,mampang,Semen
B6TGTExW,citayem,Semen
U9FokBKx,citayem,Semen
gAF3FlVM,citayem,Semen
P817jqT2,mampang,Semen
46w97kSa,mampang,Semen
cLPw8kPT,mampang,Semen
NuCOg2iT,mampang,Semen
kprmKNXG,mampang,Semen
1mrRw76x,citayem,Semen
kJXLVRli,citayem,Semen
7NlYZjQh,mampang,Semen
Bj28IBDH,mampang,Semen
Ed3Qd4iE,mampang,Semen
bNS5TNSG,citayem,Semen
cANR872D,mampang,Semen
wrUGowWQ,citayem,Semen
tlZuMvg7,citayem,Semen
JuAw8hpr,citayem,Semen
kYrQeky3,citayem,Pipa
nXVDNcv0,mampang,Semen
NSklHTPJ,mampang,Pipa
n2xDm4uq,mampang,Semen
z8ilhy4G,citayem,Semen
Wk7jfbfU,citayem,Semen
RDUdF9Ne,mampang,Pipa
jDBTE5oq,citayem,Pipa
Rz20eEWW,citayem,Semen
voanCJ3I,mampang,Semen
cHRe3f10,mampang,Semen
lnfgSpOC,citayem,Pipa
nDTLBnoY,citayem,Pipa
WMLLPvU1,citayem,Pipa
3xJh8ERv,mampang,Semen
BXghg6eH,mampang,Semen
O7aY10fj,citayem,Semen
08myP5NO,mampang,Pipa
01PkUIzB,mampang,Pipa
MKlLaYyA,mampang,Pipa
4lIlB1jb,citayem,Semen
QqciPgkj,citayem,Pipa
4yAVyZ60,mampang,Semen
QWqzSr7r,citayem,Semen
va5Qsh24,citayem,Semen
scNb6Qna,citayem,Semen
gXDDTIQ1,mampang,Semen
dzD3LjzS,mampang,Semen
elspa810,mampang,Pipa
x35BWQWt,citayem,Pipa
DimnuuOS,citayem,Pipa
C0y5JUZr,mampang,Semen
oTjNulcZ,mampang,Pipa
ZD45MHjR,citayem,Pipa
nHlO3sTW,mampang,Pipa
Wkttnkz7,citayem,Semen
cnecaOaX,citayem,Semen
F5rPnTG5,mampang,Semen
QUir64Hw,mampang,Pipa
ya5IlO7v,mampang,Pipa
SfDfRJyc,mampang,Pipa
qWf3sash,mampang,Semen
qthuwDuT,mampang,Semen
9BkBSTuq,mampang,Pipa
rZOFAtv2,mampang,Pipa
HuKzSXZn,mampang,Pipa
XxkHBPg8,mampang,Semen
XupT1E8y,citayem,Semen
IJWoYURf,citayem,Semen
pDoxtPqR,citayem,Semen
yNLwbz9R,mampang,Pipa
oQ4Kc4Co,mampang,Pipa
cH4Rzc3B,citayem,Pipa
NZFJa3EF,mampang,Semen
MMYhHm45,mampang,Semen
OCjlTny0,citayem,Pipa
ojSosVNy,mampang,Semen
ulOGyjZE,citayem,Semen
POiPFXUQ,citayem,Semen
FEwTdQ9i,citayem,Semen
XIoS92Yh,citayem,Semen
HjUUXB88,mampang,Semen
nY5RYQeJ,mampang,Semen
1w0Q64jl,mampang,Semen
1HDxy0bK,mampang,Semen
FKRAaZ9v,citayem,Semen
KIvcKtoP,citayem,Semen
RuhYIXvs,mampang,Semen
o9dtfMy6,mampang,Pipa
K1qyfnDd,citayem,Pipa
lvJcvlpo,mampang,Pipa
9B7WavaZ,mampang,Semen
PEPtA3I8,citayem,Semen
vIs0COO3,citayem,Semen
vKniYSkR,citayem,Semen
dahRixi6,mampang,Pipa
GOY0I4k2,mampang,Pipa
56nUuspy,citayem,Pipa
F2qznJLr,mampang,Semen
1iRb1v1k,citayem,Pipa
mp8jaXNL,mampang,Semen
2yn3lJpU,mampang,Semen
QtWwomdJ,citayem,Semen
hMwjFppN,citayem,Semen
l3QUkcCo,citayem,Semen
CLQb3zOB,citayem,Semen
43U0OyF0,citayem,Semen
hjqWhQQw,citayem,Semen
CF77TFrA,mampang,Semen
ew3gh2zB,mampang,Pipa
M3T7jzbv,mampang,Semen
fUa4gtjN,citayem,Pipa
OUpXpx4L,citayem,Semen
PolCm51t,mampang,Pipa
CfXO88hU,mampang,Pipa
pmOSJ1dS,citayem,Semen
ukB48ByK,mampang,Pipa
oT2R00Er,mampang,Pipa
2TH890jR,mampang,Pipa
tJDFGNsj,citayem,Semen
8EwMVT2K,citayem,Semen
1kfWeKNj,citayem,Semen
wEmNRL2W,mampang,Pipa
WHTgxdpa,citayem,Semen
ooP0qk9K,citayem,Semen
di6sAYZN,citayem,Pipa
pHSZDxJ4,citayem,Pipa
xsgt90Cv,mampang,Semen
Ix7i9R6k,mampang,Semen
QaIz0Hr9,citayem,Semen
Ok4j2vRz,citayem,Semen
ci4lfmpm,citayem,Semen
QYsM0OI8,citayem,Semen
5Z6KGrFi,mampang,Semen
AMLBmMQs,citayem,Semen
RvQ03kYr,mampang,Semen
cIP5THAR,mampang,Semen
86PQ0mXa,mampang,Semen
I224fuTb,mampang,Semen
DNpLY94C,citayem,Semen
2DOZTLqL,mampang,Semen
CUOe6J0Z,mampang,Semen
CQxNnGRr,mampang,Semen
RRjf1gDe,citayem,Semen
lBOJlOt4,mampang,Semen
3ETITpSv,citayem,Semen
Nktk0BUI,citayem,Semen
aQTwdlo7,mampang,Semen
GIgJ3SIm,mampang,Semen
fWJQvufg,citayem,Semen
EyW472yN,mampang,Pipa
97p0zDHJ,mampang,Pipa
lcpnc5mD,citayem,Pipa
dnMMBVHw,mampang,Semen
JWc01uVo,mampang,Semen
oc7CBFHc,mampang,Semen
lagFMYPK,citayem,Pipa
faJgT7uS,mampang,Semen
bR7eSNEo,citayem,Semen
oJEaprhr,citayem,Pipa
hGwCk7sW,mampang,Semen
Euox72jN,citayem,Semen
HNZeUWN0,mampang,Semen
rSWTF9rs,mampang,Semen
7ybUly8t,mampang,Semen
eNbs0Oew,mampang,Semen
8Bz5mbbU,mampang,Pipa
HBezD4JG,citayem,Semen
mKvCyQcI,mampang,Semen
Rib6UKcT,citayem,Semen
A5vJqK4g,mampang,Semen
hBKxwzgA,mampang,Semen
4zLhWCuC,mampang,Semen
upN6B2c0,citayem,Semen
erD6ArRp,mampang,Semen
nE4LiSn2,citayem,Semen
qkJVE2Qh,mampang,Pipa
1GJI8zgp,citayem,Pipa
0gTDO6Av,mampang,Semen
h0YsGMhj,mampang,Pipa
O037dETy,mampang,Semen
mJ9VpdxV,citayem,Pipa
aPKviA0G,mampang,Semen
KkuTHGO4,citayem,Semen
pdJ3eEa1,citayem,Semen
wOlY8KQr,citayem,Semen
G18GLvIi,citayem,Semen
N9A5P66i,citayem,Semen
o7W3R1T4,citayem,Semen
TbAp2TC6,mampang,Semen
91uXkT0d,mampang,Pipa
LIbIrgz8,citayem,Semen
g1wrrh3Z,mampang,Semen
xrZnbIGD,mampang,Semen
hVSNfLer,mampang,Pipa
rth667hB,citayem,Pipa
hxMTrlzW,citayem,Pipa
Mynfr537,citayem,Semen
DyXVmsGr,citayem,Semen
GSeyt4C8,mampang,Semen
hYGY8qb0,mampang,Pipa
TMeuZWYD,mampang,Semen
aFGakNvv,mampang,Semen
lKcpwUA0,mampang,Semen
gQ3skeq6,mampang,Semen
DAFVeEoZ,citayem,Pipa
wFlBkUy9,mampang,Semen
JP4jImLq,mampang,Semen
vUonYJYn,mampang,Pipa
pCRElg8p,mampang,Semen
T7dwhqQ5,citayem,Pipa
y6gGuSSY,citayem,Pipa
IsrvOLZO,mampang,Semen
NTjCagBR,citayem,Semen
0szxiSdT,mampang,Semen
felFqnzl,mampang,Semen
p7GC1zEA,citayem,Semen
RL7HEfVX,mampang,Semen
BMh2IFcN,mampang,Semen
VKToQUtg,mampang,Semen
KAYHgLSs,mampang,Semen
LZ5Lq6UE,mampang,Semen
NFs4kper,citayem,Semen
lU8jOx0M,citayem,Semen
87RNbuia,citayem,Pipa
SJBDnHB4,mampang,Pipa
k7KxcrOQ,mampang,Semen
nGxiQZIt,mampang,Semen
u7EI8mxC,citayem,Semen
CGG3wtXt,mampang,Semen
YsUL60R2,mampang,Semen
PtX6fZqe,mampang,Semen
o76AcBhg,citayem,Semen
1DzPZnsa,mampang,Semen
ykRFZh7w,mampang,Semen
CCKsOjVb,mampang,Semen
JXJFJCtG,mampang,Semen
3RT1kKyr,mampang,Semen
G9l6osF0,mampang,Pipa
zAdMiqwc,mampang,Semen
RK7sT99K,mampang,Semen
1cdZ4Ph7,citayem,Pipa
MyNHMrQi,mampang,Semen
9yk05cEY,citayem,Semen
p61Ii6wV,citayem,Semen
O8d4BKPg,citayem,Semen
KKYCfsLC,mampang,Semen
avelaq89,citayem,Semen
UySXY4jA,mampang,Semen
vJWEsA4S,mampang,Semen
3SCuBinP,citayem,Semen
xEA1801v,citayem,Pipa
UAuodnYK,mampang,Pipa
h0uphqs2,citayem,Semen
tkphzxWZ,citayem,Pipa
NiDuiCut,mampang,Semen
IyaHsNh3,mampang,Semen
aKTA0hwo,mampang,Semen
miX6bsxN,mampang,Semen
dyfCDPfE,citayem,Semen
qM60nmmC,mampang,Semen
9A1dfrVB,citayem,Semen
fuoMf45h,citayem,Semen
wWqLuzp7,citayem,Semen
RSWn3dym,citayem,Semen
HZTniDNC,citayem,Pipa
WOaI81Rj,mampang,Semen
aIsK6TJk,mampang,Semen
oHKrRS0n,mampang,Pipa
9A1dfrVB,citayem,Semen
Epwf67Ta,citayem,Pipa
mMuqBcE9,citayem,Semen
H3seTkan,citayem,Semen
eELSAQUc,mampang,Semen
TEecPRdJ,citayem,Semen
JjgwLXWx,mampang,Semen
bcLM0O2F,citayem,Semen
3EjZG9D4,citayem,Semen
675MBlTn,mampang,Pipa
BdPf8bNn,mampang,Pipa
N7AMkPfL,mampang,Pipa
ZTvUvIGl,citayem,Pipa
f0fEuq0x,mampang,Pipa
A4wEdLvV,citayem,Semen
TB4Qo0OU,citayem,Semen
Tz52pR83,citayem,Semen
ggUuYfDf,mampang,Semen
q8QwC8ET,mampang,Semen
ptg6sze9,citayem,Semen
DhAF9vXm,mampang,Pipa
Cf5Ctx1T,mampang,Semen
RiZfAUpj,mampang,Semen
IGAD4no4,citayem,Pipa
SRyzECFE,citayem,Semen
fBYFZZoN,mampang,Semen
v0c1ku0T,mampang,Pipa
OayTMTSX,citayem,Pipa
M4k9lT5Y,mampang,Pipa
ctm17fcQ,citayem,Semen
sQmHp0Is,mampang,Pipa
foZZaouu,citayem,Pipa
lBtJtnzU,citayem,Semen
4bLU1gPD,citayem,Semen
OzgJBk6E,citayem,Semen
fYTPGy36,mampang,Semen
janUi9Nr,citayem,Semen
JP4JNf1H,mampang,Semen
mzhxiGsg,mampang,Semen
s2d0qppI,mampang,Semen
uJPgjBco,citayem,Semen
aai86p5E,citayem,Semen
0jWzABBX,citayem,Semen
zeFMJF8U,mampang,Semen
sZWZWLUP,citayem,Semen
jDZbujPc,mampang,Semen
wouYkEbP,citayem,Semen
mEHFCWHE,citayem,Semen
ugkvqRPp,citayem,Semen
odeje9Uy,citayem,Semen
2CfCXx1c,citayem,Semen
eUcF6dTf,citayem,Semen
mnzXqgqZ,citayem,Semen
jvQl2Kt9,mampang,Semen
wuP1kd9S,mampang,Semen
LsoVy7az,mampang,Semen
Ohy2vV1u,citayem,Semen
4WYHjVAV,mampang,Semen
3aZBxChW,citayem,Semen
S9zUiOHQ,mampang,Semen
IDIBWNxf,citayem,Semen
3bNs0tRX,mampang,Semen
A1BExYwf,mampang,Pipa
S7dwSbNm,citayem,Pipa
UrvIXmIz,mampang,Pipa
p391pBJv,citayem,Pipa
1PKFlWNn,citayem,Semen
qVYON7XY,mampang,Semen
JwnckPoV,citayem,Semen
B4cIPYnY,citayem,Semen
ItHcx2zg,mampang,Semen
3FvMmc1t,mampang,Semen
3ium8obe,citayem,Semen
F6akm0V3,mampang,Semen
NWgLdNx8,citayem,Pipa
e5jFywx3,citayem,Semen